dev_id,mana_day,mana_hh,mana_mm,gr_id,now_kw,min_kw,tot_kw,run_yn,com_yn,bms_soc,bms_soh,min_bin,min_bout,tot_bin,tot_bout,dc_v,dc_a,dc_kw,ac_v_r,ac_v_s,ac_v_t,ac_a_r,ac_a_s,ac_a_t,act_kw,ract_kw,pw_fact,hz,box_temp,max_v,min_v,max_temp,min_temp,run_stop_dat,dev_temp,run_mod,target_value,grid_bin,grid_bout,slope_sun,horizon_sun,module_temp,air_temp,wind_speed,avg_acc_kw,tot_kepco_kw,day_kw,ac_v_r_s,ac_v_s_t,ac_v_t_r,psvm,nsvm,zsvm,pscm,nscm,zscm
310001,20220315,09,54,310,0.26,0.00,0.00,R,1,0.00,0.00,0.00,0.00,73365.00,69191.00,799.73,0.01,0.00,401.88,400.07,400.13,0.14,0.40,1.68,0.26,0.00,1.00,60,24.30,0.00,0.00,0.00,0.00,,0.00,2,0.00,0.00,0.00,0.00,0.00,0.00,0.00,,0.26,0.00,0.00,0.00,0.00,0.00,0.00,0.00,0.00,0.00,0.00,0.00
310001,20220125,20,37,310,0.20,0.00,0.00,R,1,0.00,0.00,0.00,0.00,63502.00,59995.00,784.96,0.00,0.00,402.61,399.16,401.34,0.11,0.42,1.39,0.20,0.00,1.00,60,26.47,0.00,0.00,0.00,0.00,,0.00,2,0.00,0.00,0.00,0.00,0.00,0.00,0.00,,0.20,0.00,0.00,0.00,0.00,0.00,0.00,0.00,0.00,0.00,0.00,0.00
310001,20220125,20,44,310,0.20,0.00,0.00,R,1,0.00,0.00,0.00,0.00,63502.00,59995.00,785.10,0.02,0.00,402.58,399.63,401.63,0.17,0.48,1.43,0.20,0.00,1.00,60,26.45,0.00,0.00,0.00,0.00,,0.00,2,0.00,0.00,0.00,0.00,0.00,0.00,0.00,,0.20,0.00,0.00,0.00,0.00,0.00,0.00,0.00,0.00,0.00,0.00,0.00
310001,20220125,20,43,310,0.20,0.00,0.00,R,1,0.00,0.00,0.00,0.00,63502.00,59995.00,785.09,0.03,0.00,403.04,399.75,401.61,0.18,0.48,1.43,0.20,0.00,1.00,59,26.46,0.00,0.00,0.00,0.00,,0.00,2,0.00,0.00,0.00,0.00,0.00,0.00,0.00,,0.20,0.00,0.00,0.00,0.00,0.00,0.00,0.00,0.00,0.00,0.00,0.00
310001,20220125,20,39,310,0.21,0.00,0.00,R,1,0.00,0.00,0.00,0.00,63502.00,59995.00,784.98,0.00,0.00,402.64,399.23,401.11,0.12,0.43,1.40,0.21,0.00,1.00,60,26.47,0.00,0.00,0.00,0.00,,0.00,2,0.00,0.00,0.00,0.00,0.00,0.00,0.00,,0.21,0.00,0.00,0.00,0.00,0.00,0.00,0.00,0.00,0.00,0.00,0.00
310001,20220125,20,34,310,0.20,0.00,0.00,R,1,0.00,0.00,0.00,0.00,63502.00,59995.00,784.92,0.00,0.00,403.03,399.39,401.48,0.13,0.43,1.41,0.20,0.00,1.00,60,26.45,0.00,0.00,0.00,0.00,,0.00,2,0.00,0.00,0.00,0.00,0.00,0.00,0.00,,0.20,0.00,0.00,0.00,0.00,0.00,0.00,0.00,0.00,0.00,0.00,0.00
310001,20220125,20,32,310,0.21,0.00,0.00,R,1,0.00,0.00,0.00,0.00,63502.00,59995.00,784.93,0.01,0.00,401.87,398.43,400.61,0.14,0.45,1.43,0.21,0.00,1.00,60,26.45,0.00,0.00,0.00,0.00,,0.00,2,0.00,0.00,0.00,0.00,0.00,0.00,0.00,,0.21,0.00,0.00,0.00,0.00,0.00,0.00,0.00,0.00,0.00,0.00,0.00
310001,20220125,20,42,310,0.20,0.00,0.00,R,1,0.00,0.00,0.00,0.00,63502.00,59995.00,785.06,0.03,0.00,402.88,399.93,401.89,0.15,0.47,1.43,0.20,0.00,1.00,60,26.49,0.00,0.00,0.00,0.00,,0.00,2,0.00,0.00,0.00,0.00,0.00,0.00,0.00,,0.20,0.00,0.00,0.00,0.00,0.00,0.00,0.00,0.00,0.00,0.00,0.00
310001,20220125,20,36,310,0.20,0.00,0.00,R,1,0.00,0.00,0.00,0.00,63502.00,59995.00,784.98,0.01,0.00,403.24,399.55,401.58,0.13,0.45,1.43,0.20,0.00,1.00,60,26.48,0.00,0.00,0.00,0.00,,0.00,2,0.00,0.00,0.00,0.00,0.00,0.00,0.00,,0.20,0.00,0.00,0.00,0.00,0.00,0.00,0.00,0.00,0.00,0.00,0.00
310001,20220125,20,38,310,0.20,0.00,0.00,R,1,0.00,0.00,0.00,0.00,63502.00,59995.00,784.99,0.01,0.00,402.68,399.44,401.33,0.11,0.43,1.40,0.20,0.00,1.00,60,26.47,0.00,0.00,0.00,0.00,,0.00,2,0.00,0.00,0.00,0.00,0.00,0.00,0.00,,0.20,0.00,0.00,0.00,0.00,0.00,0.00,0.00,0.00,0.00,0.00,0.00
310001,20220125,20,47,310,0.20,0.00,0.00,R,1,0.00,0.00,0.00,0.00,63503.00,59995.00,785.07,0.01,0.00,401.04,397.73,400.05,0.13,0.45,1.40,0.20,0.00,1.00,59,26.46,0.00,0.00,0.00,0.00,,0.00,2,0.00,0.00,0.00,0.00,0.00,0.00,0.00,,0.20,0.00,0.00,0.00,0.00,0.00,0.00,0.00,0.00,0.00,0.00,0.00
310001,20220125,20,41,310,0.20,0.00,0.00,R,1,0.00,0.00,0.00,0.00,63502.00,59995.00,785.04,0.00,0.00,402.51,399.58,401.40,0.14,0.44,1.40,0.20,0.00,1.00,60,26.46,0.00,0.00,0.00,0.00,,0.00,2,0.00,0.00,0.00,0.00,0.00,0.00,0.00,,0.20,0.00,0.00,0.00,0.00,0.00,0.00,0.00,0.00,0.00,0.00,0.00
310001,20220125,20,33,310,0.20,0.00,0.00,R,1,0.00,0.00,0.00,0.00,63502.00,59995.00,784.94,0.03,0.00,402.14,399.03,401.12,0.15,0.44,1.41,0.20,0.00,1.00,60,26.43,0.00,0.00,0.00,0.00,,0.00,2,0.00,0.00,0.00,0.00,0.00,0.00,0.00,,0.20,0.00,0.00,0.00,0.00,0.00,0.00,0.00,0.00,0.00,0.00,0.00
310001,20220125,20,35,310,0.20,0.00,0.00,R,1,0.00,0.00,0.00,0.00,63502.00,59995.00,784.93,0.00,0.00,403.20,399.24,401.35,0.13,0.45,1.40,0.20,0.00,1.00,60,26.43,0.00,0.00,0.00,0.00,,0.00,2,0.00,0.00,0.00,0.00,0.00,0.00,0.00,,0.20,0.00,0.00,0.00,0.00,0.00,0.00,0.00,0.00,0.00,0.00,0.00
310001,20220125,20,54,310,0.20,0.00,0.00,R,1,0.00,0.00,0.00,0.00,63503.00,59995.00,785.11,0.01,0.00,401.70,398.67,400.68,0.13,0.47,1.41,0.20,0.00,1.00,60,26.50,0.00,0.00,0.00,0.00,,0.00,2,0.00,0.00,0.00,0.00,0.00,0.00,0.00,,0.20,0.00,0.00,0.00,0.00,0.00,0.00,0.00,0.00,0.00,0.00,0.00
310001,20220125,20,51,310,0.20,0.00,0.00,R,1,0.00,0.00,0.00,0.00,63503.00,59995.00,785.08,0.00,0.00,401.11,397.73,399.89,0.11,0.42,1.40,0.20,0.00,1.00,59,26.48,0.00,0.00,0.00,0.00,,0.00,2,0.00,0.00,0.00,0.00,0.00,0.00,0.00,,0.20,0.00,0.00,0.00,0.00,0.00,0.00,0.00,0.00,0.00,0.00,0.00
310001,20220125,20,48,310,0.20,0.00,0.00,R,1,0.00,0.00,0.00,0.00,63503.00,59995.00,785.11,0.03,0.00,401.81,398.32,400.43,0.15,0.48,1.44,0.20,0.00,1.00,60,26.44,0.00,0.00,0.00,0.00,,0.00,2,0.00,0.00,0.00,0.00,0.00,0.00,0.00,,0.20,0.00,0.00,0.00,0.00,0.00,0.00,0.00,0.00,0.00,0.00,0.00
310001,20220125,20,40,310,0.20,0.00,0.00,R,1,0.00,0.00,0.00,0.00,63502.00,59995.00,785.04,0.01,0.00,403.21,399.77,401.50,0.16,0.44,1.43,0.20,0.00,1.00,59,26.43,0.00,0.00,0.00,0.00,,0.00,2,0.00,0.00,0.00,0.00,0.00,0.00,0.00,,0.20,0.00,0.00,0.00,0.00,0.00,0.00,0.00,0.00,0.00,0.00,0.00
310001,20220125,20,50,310,0.20,0.00,0.00,R,1,0.00,0.00,0.00,0.00,63503.00,59995.00,785.11,0.03,0.00,401.95,398.30,400.71,0.13,0.46,1.41,0.20,0.00,1.00,60,26.48,0.00,0.00,0.00,0.00,,0.00,2,0.00,0.00,0.00,0.00,0.00,0.00,0.00,,0.20,0.00,0.00,0.00,0.00,0.00,0.00,0.00,0.00,0.00,0.00,0.00
310001,20220125,20,49,310,0.20,0.00,0.00,R,1,0.00,0.00,0.00,0.00,63503.00,59995.00,785.08,0.00,0.00,402.15,399.02,401.14,0.13,0.46,1.41,0.20,0.00,1.00,60,26.49,0.00,0.00,0.00,0.00,,0.00,2,0.00,0.00,0.00,0.00,0.00,0.00,0.00,,0.20,0.00,0.00,0.00,0.00,0.00,0.00,0.00,0.00,0.00,0.00,0.00
310001,20220125,20,45,310,0.20,0.00,0.00,R,1,0.00,0.00,1.00,0.00,63503.00,59995.00,785.08,0.03,0.00,402.03,398.63,400.48,0.17,0.47,1.43,0.20,0.00,1.00,59,26.48,0.00,0.00,0.00,0.00,,0.00,2,0.00,0.00,0.00,0.00,0.00,0.00,0.00,,0.20,0.00,0.00,0.00,0.00,0.00,0.00,0.00,0.00,0.00,0.00,0.00
310001,20220125,20,46,310,0.20,0.00,0.00,R,1,0.00,0.00,0.00,0.00,63503.00,59995.00,785.05,0.00,0.00,401.27,398.07,400.20,0.13,0.43,1.40,0.20,0.00,1.00,59,26.48,0.00,0.00,0.00,0.00,,0.00,2,0.00,0.00,0.00,0.00,0.00,0.00,0.00,,0.20,0.00,0.00,0.00,0.00,0.00,0.00,0.00,0.00,0.00,0.00,0.00
310001,20220125,20,53,310,0.20,0.00,0.00,R,1,0.00,0.00,0.00,0.00,63503.00,59995.00,785.12,0.00,0.00,401.11,397.69,399.84,0.13,0.44,1.40,0.20,0.00,1.00,59,26.48,0.00,0.00,0.00,0.00,,0.00,2,0.00,0.00,0.00,0.00,0.00,0.00,0.00,,0.20,0.00,0.00,0.00,0.00,0.00,0.00,0.00,0.00,0.00,0.00,0.00
310001,20220125,20,52,310,0.20,0.00,0.00,R,1,0.00,0.00,0.00,0.00,63503.00,59995.00,785.09,0.00,0.00,401.11,397.52,399.43,0.13,0.43,1.41,0.20,0.00,1.00,60,26.48,0.00,0.00,0.00,0.00,,0.00,2,0.00,0.00,0.00,0.00,0.00,0.00,0.00,,0.20,0.00,0.00,0.00,0.00,0.00,0.00,0.00,0.00,0.00,0.00,0.00
310001,20220125,20,56,310,0.20,0.00,0.00,R,1,0.00,0.00,0.00,0.00,63503.00,59995.00,785.09,0.01,0.00,402.74,398.88,401.16,0.11,0.44,1.40,0.20,0.00,1.00,59,26.48,0.00,0.00,0.00,0.00,,0.00,2,0.00,0.00,0.00,0.00,0.00,0.00,0.00,,0.20,0.00,0.00,0.00,0.00,0.00,0.00,0.00,0.00,0.00,0.00,0.00
310001,20220125,20,55,310,0.21,0.00,0.00,R,1,0.00,0.00,0.00,0.00,63503.00,59995.00,785.13,0.02,0.00,402.24,399.03,401.17,0.15,0.48,1.42,0.21,0.00,1.00,60,26.48,0.00,0.00,0.00,0.00,,0.00,2,0.00,0.00,0.00,0.00,0.00,0.00,0.00,,0.21,0.00,0.00,0.00,0.00,0.00,0.00,0.00,0.00,0.00,0.00,0.00
310001,20220125,20,57,310,0.20,0.00,0.00,R,1,0.00,0.00,0.00,0.00,63503.00,59995.00,785.12,0.02,0.00,402.11,398.83,400.78,0.13,0.47,1.41,0.20,0.00,1.00,60,26.45,0.00,0.00,0.00,0.00,,0.00,2,0.00,0.00,0.00,0.00,0.00,0.00,0.00,,0.20,0.00,0.00,0.00,0.00,0.00,0.00,0.00,0.00,0.00,0.00,0.00
310001,20220125,20,58,310,0.20,0.00,0.00,R,1,0.00,0.00,0.00,0.00,63503.00,59995.00,785.12,0.02,0.00,402.42,399.08,401.19,0.12,0.46,1.42,0.20,0.00,1.00,59,26.47,0.00,0.00,0.00,0.00,,0.00,2,0.00,0.00,0.00,0.00,0.00,0.00,0.00,,0.20,0.00,0.00,0.00,0.00,0.00,0.00,0.00,0.00,0.00,0.00,0.00
310001,20220125,20,59,310,0.20,0.00,0.00,R,0,0.00,0.00,0.00,0.00,63503.00,59995.00,785.18,0.05,0.00,401.94,398.57,400.68,0.18,0.49,1.44,0.20,0.00,1.00,59,26.48,0.00,0.00,0.00,0.00,,0.00,2,0.00,0.00,0.00,0.00,0.00,0.00,0.00,,0.20,0.00,0.00,0.00,0.00,0.00,0.00,0.00,0.00,0.00,0.00,0.00
310001,20220205,11,25,310,-68.79,0.00,0.00,R,1,0.00,0.00,1.00,0.00,65689.00,61967.00,842.27,79.06,0.00,404.52,402.38,404.69,98.81,99.45,97.02,-68.79,0.00,1.00,59,43.32,0.00,0.00,0.00,0.00,,0.00,3,0.00,0.00,0.00,0.00,0.00,0.00,0.00,,-68.79,0.00,0.00,0.00,0.00,0.00,0.00,0.00,0.00,0.00,0.00,0.00
310001,20220125,21,12,310,0.20,0.00,0.00,R,1,0.00,0.00,0.00,0.00,63503.00,59995.00,785.18,0.01,0.00,400.93,397.80,399.80,0.13,0.44,1.41,0.20,0.00,1.00,59,26.42,0.00,0.00,0.00,0.00,,0.00,2,0.00,0.00,0.00,0.00,0.00,0.00,0.00,,0.20,0.00,0.00,0.00,0.00,0.00,0.00,0.00,0.00,0.00,0.00,0.00
310001,20220125,21,11,310,0.20,0.00,0.00,R,1,0.00,0.00,0.00,0.00,63503.00,59995.00,785.13,0.00,0.00,401.68,398.45,400.37,0.10,0.40,1.37,0.20,0.00,1.00,59,26.40,0.00,0.00,0.00,0.00,,0.00,2,0.00,0.00,0.00,0.00,0.00,0.00,0.00,,0.20,0.00,0.00,0.00,0.00,0.00,0.00,0.00,0.00,0.00,0.00,0.00
310001,20220125,21,07,310,0.20,0.00,0.00,R,0,0.00,0.00,0.00,0.00,63503.00,59995.00,785.18,0.01,0.00,401.43,398.14,400.22,0.14,0.46,1.41,0.20,0.00,1.00,59,26.44,0.00,0.00,0.00,0.00,,0.00,2,0.00,0.00,0.00,0.00,0.00,0.00,0.00,,0.20,0.00,0.00,0.00,0.00,0.00,0.00,0.00,0.00,0.00,0.00,0.00
310001,20220125,21,02,310,0.20,0.00,0.00,R,1,0.00,0.00,0.00,0.00,63503.00,59995.00,785.13,0.01,0.00,401.79,398.75,400.76,0.13,0.48,1.41,0.20,0.00,1.00,60,26.48,0.00,0.00,0.00,0.00,,0.00,2,0.00,0.00,0.00,0.00,0.00,0.00,0.00,,0.20,0.00,0.00,0.00,0.00,0.00,0.00,0.00,0.00,0.00,0.00,0.00
310001,20220125,21,00,310,0.20,0.00,0.00,R,1,0.00,0.00,0.00,0.00,63503.00,59995.00,785.14,0.03,0.00,401.48,398.35,400.37,0.16,0.48,1.42,0.20,0.00,1.00,60,26.46,0.00,0.00,0.00,0.00,,0.00,2,0.00,0.00,0.00,0.00,0.00,0.00,0.00,,0.20,0.00,0.00,0.00,0.00,0.00,0.00,0.00,0.00,0.00,0.00,0.00
310001,20220125,21,04,310,0.20,0.00,0.00,R,1,0.00,0.00,0.00,0.00,63503.00,59995.00,785.14,0.01,0.00,401.55,398.24,400.38,0.13,0.44,1.40,0.20,0.00,1.00,60,26.46,0.00,0.00,0.00,0.00,,0.00,2,0.00,0.00,0.00,0.00,0.00,0.00,0.00,,0.20,0.00,0.00,0.00,0.00,0.00,0.00,0.00,0.00,0.00,0.00,0.00
310001,20220125,21,10,310,0.20,0.00,0.00,R,1,0.00,0.00,0.00,0.00,63503.00,59995.00,785.19,0.03,0.00,402.03,398.75,401.03,0.14,0.43,1.42,0.20,0.00,1.00,60,26.42,0.00,0.00,0.00,0.00,,0.00,2,0.00,0.00,0.00,0.00,0.00,0.00,0.00,,0.20,0.00,0.00,0.00,0.00,0.00,0.00,0.00,0.00,0.00,0.00,0.00
310001,20220125,21,06,310,0.20,0.00,0.00,R,1,0.00,0.00,0.00,0.00,63503.00,59995.00,785.15,0.01,0.00,401.78,398.35,400.65,0.13,0.43,1.40,0.20,0.00,1.00,60,26.44,0.00,0.00,0.00,0.00,,0.00,2,0.00,0.00,0.00,0.00,0.00,0.00,0.00,,0.20,0.00,0.00,0.00,0.00,0.00,0.00,0.00,0.00,0.00,0.00,0.00
310001,20220125,21,15,310,0.20,0.00,0.00,R,1,0.00,0.00,0.00,0.00,63503.00,59995.00,785.23,0.02,0.00,402.22,399.01,401.19,0.16,0.46,1.42,0.20,0.00,1.00,59,26.40,0.00,0.00,0.00,0.00,,0.00,2,0.00,0.00,0.00,0.00,0.00,0.00,0.00,,0.20,0.00,0.00,0.00,0.00,0.00,0.00,0.00,0.00,0.00,0.00,0.00
310001,20220125,21,09,310,0.20,0.00,0.00,R,1,0.00,0.00,0.00,0.00,63503.00,59995.00,785.18,0.02,0.00,401.81,398.46,400.61,0.12,0.43,1.41,0.20,0.00,1.00,59,26.43,0.00,0.00,0.00,0.00,,0.00,2,0.00,0.00,0.00,0.00,0.00,0.00,0.00,,0.20,0.00,0.00,0.00,0.00,0.00,0.00,0.00,0.00,0.00,0.00,0.00
310001,20220125,21,01,310,0.20,0.00,0.00,R,1,0.00,0.00,0.00,0.00,63503.00,59995.00,785.16,0.01,0.00,402.26,399.03,400.97,0.18,0.47,1.41,0.20,0.00,1.00,60,26.48,0.00,0.00,0.00,0.00,,0.00,2,0.00,0.00,0.00,0.00,0.00,0.00,0.00,,0.20,0.00,0.00,0.00,0.00,0.00,0.00,0.00,0.00,0.00,0.00,0.00
310001,20220125,21,03,310,0.21,0.00,0.00,R,1,0.00,0.00,0.00,0.00,63503.00,59995.00,785.18,0.03,0.00,401.58,398.30,400.29,0.16,0.48,1.42,0.21,0.00,1.00,59,26.48,0.00,0.00,0.00,0.00,,0.00,2,0.00,0.00,0.00,0.00,0.00,0.00,0.00,,0.21,0.00,0.00,0.00,0.00,0.00,0.00,0.00,0.00,0.00,0.00,0.00
310001,20220125,21,22,310,0.20,0.00,0.00,R,1,0.00,0.00,0.00,0.00,63503.00,59995.00,785.19,0.00,0.00,401.18,397.99,400.38,0.11,0.41,1.38,0.20,0.00,1.00,59,26.38,0.00,0.00,0.00,0.00,,0.00,2,0.00,0.00,0.00,0.00,0.00,0.00,0.00,,0.20,0.00,0.00,0.00,0.00,0.00,0.00,0.00,0.00,0.00,0.00,0.00
310001,20220125,21,19,310,0.20,0.00,0.00,R,1,0.00,0.00,0.00,0.00,63503.00,59995.00,785.24,0.01,0.00,401.32,398.08,400.45,0.13,0.44,1.40,0.20,0.00,1.00,59,26.40,0.00,0.00,0.00,0.00,,0.00,2,0.00,0.00,0.00,0.00,0.00,0.00,0.00,,0.20,0.00,0.00,0.00,0.00,0.00,0.00,0.00,0.00,0.00,0.00,0.00
310001,20220125,21,08,310,0.20,0.00,0.00,R,1,0.00,0.00,0.00,0.00,63503.00,59995.00,785.14,0.01,0.00,401.57,398.45,400.48,0.12,0.45,1.40,0.20,0.00,1.00,59,26.44,0.00,0.00,0.00,0.00,,0.00,2,0.00,0.00,0.00,0.00,0.00,0.00,0.00,,0.20,0.00,0.00,0.00,0.00,0.00,0.00,0.00,0.00,0.00,0.00,0.00
310001,20220125,21,05,310,0.20,0.00,0.00,R,1,0.00,0.00,0.00,0.00,63503.00,59995.00,785.13,0.00,0.00,401.43,398.11,400.13,0.12,0.43,1.41,0.20,0.00,1.00,60,26.47,0.00,0.00,0.00,0.00,,0.00,2,0.00,0.00,0.00,0.00,0.00,0.00,0.00,,0.20,0.00,0.00,0.00,0.00,0.00,0.00,0.00,0.00,0.00,0.00,0.00
310001,20220125,21,16,310,0.20,0.00,0.00,R,1,0.00,0.00,0.00,0.00,63503.00,59995.00,785.23,0.00,0.00,403.12,399.43,401.72,0.18,0.45,1.42,0.20,0.00,1.00,60,26.40,0.00,0.00,0.00,0.00,,0.00,2,0.00,0.00,0.00,0.00,0.00,0.00,0.00,,0.20,0.00,0.00,0.00,0.00,0.00,0.00,0.00,0.00,0.00,0.00,0.00
310001,20220125,21,18,310,0.20,0.00,0.00,R,1,0.00,0.00,0.00,0.00,63503.00,59995.00,785.21,0.01,0.00,401.33,398.29,400.74,0.13,0.44,1.41,0.20,0.00,1.00,60,26.40,0.00,0.00,0.00,0.00,,0.00,2,0.00,0.00,0.00,0.00,0.00,0.00,0.00,,0.20,0.00,0.00,0.00,0.00,0.00,0.00,0.00,0.00,0.00,0.00,0.00
310001,20220125,21,17,310,0.20,0.00,0.00,R,1,0.00,0.00,0.00,0.00,63503.00,59995.00,785.20,0.01,0.00,402.03,398.75,400.91,0.13,0.44,1.40,0.20,0.00,1.00,59,26.40,0.00,0.00,0.00,0.00,,0.00,2,0.00,0.00,0.00,0.00,0.00,0.00,0.00,,0.20,0.00,0.00,0.00,0.00,0.00,0.00,0.00,0.00,0.00,0.00,0.00
310001,20220125,21,13,310,0.21,0.00,0.00,R,1,0.00,0.00,0.00,0.00,63503.00,59995.00,785.23,0.02,0.00,402.04,398.68,401.00,0.17,0.47,1.40,0.21,0.00,1.00,59,26.41,0.00,0.00,0.00,0.00,,0.00,2,0.00,0.00,0.00,0.00,0.00,0.00,0.00,,0.21,0.00,0.00,0.00,0.00,0.00,0.00,0.00,0.00,0.00,0.00,0.00
310001,20220125,21,14,310,0.21,0.00,0.00,R,1,0.00,0.00,0.00,0.00,63503.00,59995.00,785.22,0.02,0.00,402.34,398.93,401.17,0.16,0.45,1.41,0.21,0.00,1.00,59,26.40,0.00,0.00,0.00,0.00,,0.00,2,0.00,0.00,0.00,0.00,0.00,0.00,0.00,,0.21,0.00,0.00,0.00,0.00,0.00,0.00,0.00,0.00,0.00,0.00,0.00
310001,20220125,21,21,310,0.20,0.00,0.00,R,1,0.00,0.00,0.00,0.00,63503.00,59995.00,785.22,0.00,0.00,400.66,397.53,400.06,0.12,0.43,1.40,0.20,0.00,1.00,59,26.40,0.00,0.00,0.00,0.00,,0.00,2,0.00,0.00,0.00,0.00,0.00,0.00,0.00,,0.20,0.00,0.00,0.00,0.00,0.00,0.00,0.00,0.00,0.00,0.00,0.00
310001,20220125,21,20,310,0.20,0.00,0.00,R,1,0.00,0.00,0.00,0.00,63503.00,59995.00,785.16,0.00,0.00,401.64,398.00,400.37,0.12,0.42,1.39,0.20,0.00,1.00,59,26.40,0.00,0.00,0.00,0.00,,0.00,2,0.00,0.00,0.00,0.00,0.00,0.00,0.00,,0.20,0.00,0.00,0.00,0.00,0.00,0.00,0.00,0.00,0.00,0.00,0.00
310001,20220125,21,24,310,0.19,0.00,0.00,R,1,0.00,0.00,0.00,0.00,63503.00,59995.00,785.24,0.00,0.00,401.39,397.88,400.17,0.11,0.41,1.39,0.19,0.00,1.00,59,26.37,0.00,0.00,0.00,0.00,,0.00,2,0.00,0.00,0.00,0.00,0.00,0.00,0.00,,0.19,0.00,0.00,0.00,0.00,0.00,0.00,0.00,0.00,0.00,0.00,0.00
310001,20220125,21,23,310,0.20,0.00,0.00,R,1,0.00,0.00,0.00,0.00,63503.00,59995.00,785.22,0.00,0.00,401.52,398.04,400.47,0.11,0.41,1.39,0.20,0.00,1.00,59,26.39,0.00,0.00,0.00,0.00,,0.00,2,0.00,0.00,0.00,0.00,0.00,0.00,0.00,,0.20,0.00,0.00,0.00,0.00,0.00,0.00,0.00,0.00,0.00,0.00,0.00
310001,20220125,21,25,310,0.20,0.00,0.00,R,1,0.00,0.00,0.00,0.00,63503.00,59995.00,785.27,0.00,0.00,401.83,398.01,400.42,0.12,0.43,1.40,0.20,0.00,1.00,59,26.35,0.00,0.00,0.00,0.00,,0.00,2,0.00,0.00,0.00,0.00,0.00,0.00,0.00,,0.20,0.00,0.00,0.00,0.00,0.00,0.00,0.00,0.00,0.00,0.00,0.00
310001,20220125,21,26,310,0.20,0.00,0.00,R,1,0.00,0.00,0.00,0.00,63503.00,59995.00,785.27,0.01,0.00,402.73,398.85,401.28,0.13,0.43,1.40,0.20,0.00,1.00,59,26.33,0.00,0.00,0.00,0.00,,0.00,2,0.00,0.00,0.00,0.00,0.00,0.00,0.00,,0.20,0.00,0.00,0.00,0.00,0.00,0.00,0.00,0.00,0.00,0.00,0.00
310001,20220125,21,27,310,0.20,0.00,0.00,R,1,0.00,0.00,0.00,0.00,63503.00,59995.00,785.28,0.00,0.00,402.47,398.76,401.22,0.13,0.43,1.40,0.20,0.00,1.00,59,26.31,0.00,0.00,0.00,0.00,,0.00,2,0.00,0.00,0.00,0.00,0.00,0.00,0.00,,0.20,0.00,0.00,0.00,0.00,0.00,0.00,0.00,0.00,0.00,0.00,0.00
310001,20220125,21,45,310,0.20,0.00,0.00,R,1,0.00,0.00,0.00,0.00,63503.00,59995.00,785.31,0.00,0.00,402.03,398.27,400.65,0.10,0.40,1.40,0.20,0.00,1.00,59,26.20,0.00,0.00,0.00,0.00,,0.00,2,0.00,0.00,0.00,0.00,0.00,0.00,0.00,,0.20,0.00,0.00,0.00,0.00,0.00,0.00,0.00,0.00,0.00,0.00,0.00
310001,20220125,21,35,310,0.20,0.00,0.00,R,1,0.00,0.00,0.00,0.00,63503.00,59995.00,785.38,0.03,0.00,402.38,399.09,401.47,0.18,0.48,1.43,0.20,0.00,1.00,60,26.28,0.00,0.00,0.00,0.00,,0.00,2,0.00,0.00,0.00,0.00,0.00,0.00,0.00,,0.20,0.00,0.00,0.00,0.00,0.00,0.00,0.00,0.00,0.00,0.00,0.00
310001,20220125,21,38,310,0.20,0.00,0.00,R,1,0.00,0.00,0.00,0.00,63503.00,59995.00,785.29,0.00,0.00,402.09,398.68,400.60,0.10,0.41,1.39,0.20,0.00,1.00,60,26.27,0.00,0.00,0.00,0.00,,0.00,2,0.00,0.00,0.00,0.00,0.00,0.00,0.00,,0.20,0.00,0.00,0.00,0.00,0.00,0.00,0.00,0.00,0.00,0.00,0.00
310001,20220125,21,47,310,0.20,0.00,0.00,R,1,0.00,0.00,0.00,0.00,63503.00,59995.00,785.35,0.00,0.00,403.07,398.92,401.08,0.10,0.40,1.39,0.20,0.00,1.00,60,26.13,0.00,0.00,0.00,0.00,,0.00,2,0.00,0.00,0.00,0.00,0.00,0.00,0.00,,0.20,0.00,0.00,0.00,0.00,0.00,0.00,0.00,0.00,0.00,0.00,0.00
310001,20220125,21,30,310,0.20,0.00,0.00,R,1,0.00,0.00,0.00,0.00,63503.00,59995.00,785.27,0.00,0.00,402.13,398.41,400.98,0.11,0.41,1.39,0.20,0.00,1.00,59,26.31,0.00,0.00,0.00,0.00,,0.00,2,0.00,0.00,0.00,0.00,0.00,0.00,0.00,,0.20,0.00,0.00,0.00,0.00,0.00,0.00,0.00,0.00,0.00,0.00,0.00
310001,20220125,21,32,310,0.20,0.00,0.00,R,1,0.00,0.00,0.00,0.00,63503.00,59995.00,785.33,0.01,0.00,401.84,398.57,400.93,0.13,0.44,1.41,0.20,0.00,1.00,60,26.30,0.00,0.00,0.00,0.00,,0.00,2,0.00,0.00,0.00,0.00,0.00,0.00,0.00,,0.20,0.00,0.00,0.00,0.00,0.00,0.00,0.00,0.00,0.00,0.00,0.00
310001,20220125,21,28,310,0.20,0.00,0.00,R,1,0.00,0.00,0.00,0.00,63503.00,59995.00,785.26,0.00,0.00,402.33,398.46,400.90,0.10,0.41,1.38,0.20,0.00,1.00,59,26.32,0.00,0.00,0.00,0.00,,0.00,2,0.00,0.00,0.00,0.00,0.00,0.00,0.00,,0.20,0.00,0.00,0.00,0.00,0.00,0.00,0.00,0.00,0.00,0.00,0.00
310001,20220125,21,37,310,0.20,0.00,0.00,R,1,0.00,0.00,0.00,0.00,63503.00,59995.00,785.33,0.00,0.00,402.65,399.02,400.99,0.11,0.43,1.40,0.20,0.00,1.00,60,26.28,0.00,0.00,0.00,0.00,,0.00,2,0.00,0.00,0.00,0.00,0.00,0.00,0.00,,0.20,0.00,0.00,0.00,0.00,0.00,0.00,0.00,0.00,0.00,0.00,0.00
310001,20220125,21,34,310,0.20,0.00,0.00,R,1,0.00,0.00,0.00,0.00,63503.00,59995.00,785.33,0.02,0.00,402.24,398.89,401.23,0.13,0.49,1.40,0.20,0.00,1.00,59,26.29,0.00,0.00,0.00,0.00,,0.00,2,0.00,0.00,0.00,0.00,0.00,0.00,0.00,,0.20,0.00,0.00,0.00,0.00,0.00,0.00,0.00,0.00,0.00,0.00,0.00
310001,20220125,21,46,310,0.19,0.00,0.00,R,1,0.00,0.00,0.00,0.00,63503.00,59995.00,785.33,0.00,0.00,402.70,398.73,401.28,0.12,0.41,1.38,0.19,0.00,1.00,59,26.20,0.00,0.00,0.00,0.00,,0.00,2,0.00,0.00,0.00,0.00,0.00,0.00,0.00,,0.19,0.00,0.00,0.00,0.00,0.00,0.00,0.00,0.00,0.00,0.00,0.00
310001,20220125,21,42,310,0.20,0.00,0.00,R,1,0.00,0.00,0.00,0.00,63503.00,59995.00,785.34,0.02,0.00,403.73,399.68,401.87,0.14,0.42,1.41,0.20,0.00,1.00,60,26.20,0.00,0.00,0.00,0.00,,0.00,2,0.00,0.00,0.00,0.00,0.00,0.00,0.00,,0.20,0.00,0.00,0.00,0.00,0.00,0.00,0.00,0.00,0.00,0.00,0.00
310001,20220125,21,31,310,0.20,0.00,0.00,R,1,0.00,0.00,0.00,0.00,63503.00,59995.00,785.31,0.00,0.00,401.98,398.38,400.89,0.13,0.43,1.40,0.20,0.00,1.00,60,26.30,0.00,0.00,0.00,0.00,,0.00,2,0.00,0.00,0.00,0.00,0.00,0.00,0.00,,0.20,0.00,0.00,0.00,0.00,0.00,0.00,0.00,0.00,0.00,0.00,0.00
310001,20220125,21,29,310,0.20,0.00,0.00,R,1,0.00,0.00,0.00,0.00,63503.00,59995.00,785.28,0.00,0.00,402.21,398.42,400.76,0.11,0.42,1.40,0.20,0.00,1.00,60,26.30,0.00,0.00,0.00,0.00,,0.00,2,0.00,0.00,0.00,0.00,0.00,0.00,0.00,,0.20,0.00,0.00,0.00,0.00,0.00,0.00,0.00,0.00,0.00,0.00,0.00
310001,20220125,21,36,310,0.20,0.00,0.00,R,1,0.00,0.00,0.00,0.00,63503.00,59995.00,785.34,0.00,0.00,402.52,399.40,401.63,0.15,0.46,1.40,0.20,0.00,1.00,60,26.29,0.00,0.00,0.00,0.00,,0.00,2,0.00,0.00,0.00,0.00,0.00,0.00,0.00,,0.20,0.00,0.00,0.00,0.00,0.00,0.00,0.00,0.00,0.00,0.00,0.00
310001,20220125,21,33,310,0.20,0.00,0.00,R,1,0.00,0.00,0.00,0.00,63503.00,59995.00,785.33,0.03,0.00,401.93,398.61,400.94,0.16,0.47,1.42,0.20,0.00,1.00,59,26.30,0.00,0.00,0.00,0.00,,0.00,2,0.00,0.00,0.00,0.00,0.00,0.00,0.00,,0.20,0.00,0.00,0.00,0.00,0.00,0.00,0.00,0.00,0.00,0.00,0.00
310001,20220125,21,41,310,0.20,0.00,0.00,R,1,0.00,0.00,0.00,0.00,63503.00,59995.00,785.32,0.00,0.00,402.95,399.53,402.00,0.11,0.43,1.40,0.20,0.00,1.00,60,26.20,0.00,0.00,0.00,0.00,,0.00,2,0.00,0.00,0.00,0.00,0.00,0.00,0.00,,0.20,0.00,0.00,0.00,0.00,0.00,0.00,0.00,0.00,0.00,0.00,0.00
310001,20220125,21,40,310,0.20,0.00,0.00,R,1,0.00,0.00,0.00,0.00,63503.00,59995.00,785.29,0.00,0.00,402.51,399.48,400.98,0.13,0.43,1.39,0.20,0.00,1.00,60,26.23,0.00,0.00,0.00,0.00,,0.00,2,0.00,0.00,0.00,0.00,0.00,0.00,0.00,,0.20,0.00,0.00,0.00,0.00,0.00,0.00,0.00,0.00,0.00,0.00,0.00
310001,20220125,21,39,310,0.20,0.00,0.00,R,1,0.00,0.00,0.00,0.00,63503.00,59995.00,785.33,0.00,0.00,401.86,398.36,400.64,0.12,0.43,1.40,0.20,0.00,1.00,60,26.26,0.00,0.00,0.00,0.00,,0.00,2,0.00,0.00,0.00,0.00,0.00,0.00,0.00,,0.20,0.00,0.00,0.00,0.00,0.00,0.00,0.00,0.00,0.00,0.00,0.00
310001,20220125,21,43,310,0.20,0.00,0.00,R,1,0.00,0.00,0.00,0.00,63503.00,59995.00,785.33,0.02,0.00,402.59,398.83,401.28,0.12,0.43,1.41,0.20,0.00,1.00,60,26.20,0.00,0.00,0.00,0.00,,0.00,2,0.00,0.00,0.00,0.00,0.00,0.00,0.00,,0.20,0.00,0.00,0.00,0.00,0.00,0.00,0.00,0.00,0.00,0.00,0.00
310001,20220125,21,44,310,0.20,0.00,0.00,R,1,0.00,0.00,0.00,0.00,63503.00,59995.00,785.34,0.00,0.00,402.43,398.48,401.08,0.11,0.42,1.40,0.20,0.00,1.00,60,26.20,0.00,0.00,0.00,0.00,,0.00,2,0.00,0.00,0.00,0.00,0.00,0.00,0.00,,0.20,0.00,0.00,0.00,0.00,0.00,0.00,0.00,0.00,0.00,0.00,0.00
310001,20220125,21,49,310,0.20,0.00,0.00,R,1,0.00,0.00,0.00,0.00,63503.00,59995.00,785.36,0.00,0.00,402.55,398.71,401.53,0.10,0.40,1.39,0.20,0.00,1.00,60,26.13,0.00,0.00,0.00,0.00,,0.00,2,0.00,0.00,0.00,0.00,0.00,0.00,0.00,,0.20,0.00,0.00,0.00,0.00,0.00,0.00,0.00,0.00,0.00,0.00,0.00
310001,20220125,21,51,310,0.20,0.00,0.00,R,1,0.00,0.00,0.00,0.00,63503.00,59995.00,785.39,0.00,0.00,401.93,398.68,400.90,0.11,0.41,1.40,0.20,0.00,1.00,59,26.10,0.00,0.00,0.00,0.00,,0.00,2,0.00,0.00,0.00,0.00,0.00,0.00,0.00,,0.20,0.00,0.00,0.00,0.00,0.00,0.00,0.00,0.00,0.00,0.00,0.00
310001,20220125,21,50,310,0.20,0.00,0.00,R,1,0.00,0.00,0.00,0.00,63503.00,59995.00,785.35,0.00,0.00,401.93,398.47,401.01,0.10,0.40,1.39,0.20,0.00,1.00,60,26.10,0.00,0.00,0.00,0.00,,0.00,2,0.00,0.00,0.00,0.00,0.00,0.00,0.00,,0.20,0.00,0.00,0.00,0.00,0.00,0.00,0.00,0.00,0.00,0.00,0.00
310001,20220125,21,48,310,0.20,0.00,0.00,R,1,0.00,0.00,0.00,0.00,63503.00,59995.00,785.29,0.00,0.00,402.26,398.32,400.96,0.10,0.39,1.33,0.20,0.00,1.00,60,26.13,0.00,0.00,0.00,0.00,,0.00,2,0.00,0.00,0.00,0.00,0.00,0.00,0.00,,0.20,0.00,0.00,0.00,0.00,0.00,0.00,0.00,0.00,0.00,0.00,0.00
310001,20220125,21,53,310,0.20,0.00,0.00,R,1,0.00,0.00,0.00,0.00,63503.00,59995.00,785.33,0.00,0.00,401.90,398.62,400.79,0.10,0.40,1.38,0.20,0.00,1.00,59,26.10,0.00,0.00,0.00,0.00,,0.00,2,0.00,0.00,0.00,0.00,0.00,0.00,0.00,,0.20,0.00,0.00,0.00,0.00,0.00,0.00,0.00,0.00,0.00,0.00,0.00
310001,20220125,21,52,310,0.20,0.00,0.00,R,1,0.00,0.00,0.00,0.00,63503.00,59995.00,785.40,0.00,0.00,401.18,398.05,400.03,0.11,0.41,1.41,0.20,0.00,1.00,60,26.10,0.00,0.00,0.00,0.00,,0.00,2,0.00,0.00,0.00,0.00,0.00,0.00,0.00,,0.20,0.00,0.00,0.00,0.00,0.00,0.00,0.00,0.00,0.00,0.00,0.00
310001,20220125,21,54,310,0.18,0.00,0.00,R,1,0.00,0.00,0.00,0.00,63503.00,59995.00,785.36,0.00,0.00,401.51,398.03,400.32,0.10,0.40,1.39,0.18,0.00,1.00,59,26.10,0.00,0.00,0.00,0.00,,0.00,2,0.00,0.00,0.00,0.00,0.00,0.00,0.00,,0.18,0.00,0.00,0.00,0.00,0.00,0.00,0.00,0.00,0.00,0.00,0.00
310001,20220125,21,55,310,0.20,0.00,0.00,R,1,0.00,0.00,0.00,0.00,63503.00,59995.00,785.38,0.01,0.00,402.37,398.96,401.20,0.10,0.39,1.38,0.20,0.00,1.00,59,26.08,0.00,0.00,0.00,0.00,,0.00,2,0.00,0.00,0.00,0.00,0.00,0.00,0.00,,0.20,0.00,0.00,0.00,0.00,0.00,0.00,0.00,0.00,0.00,0.00,0.00
310001,20220125,21,56,310,0.20,0.00,0.00,R,1,0.00,0.00,0.00,0.00,63503.00,59995.00,785.37,0.00,0.00,402.46,399.06,401.35,0.10,0.40,1.38,0.20,0.00,1.00,60,26.06,0.00,0.00,0.00,0.00,,0.00,2,0.00,0.00,0.00,0.00,0.00,0.00,0.00,,0.20,0.00,0.00,0.00,0.00,0.00,0.00,0.00,0.00,0.00,0.00,0.00
310001,20220225,21,06,310,58.15,0.00,0.00,R,1,0.00,0.00,0.00,1.00,70157.00,66198.00,798.64,75.08,0.00,402.33,399.13,401.03,86.76,85.72,87.83,58.15,0.00,1.00,60,42.81,0.00,0.00,0.00,0.00,,0.00,3,0.00,0.00,0.00,0.00,0.00,0.00,0.00,,58.15,0.00,0.00,0.00,0.00,0.00,0.00,0.00,0.00,0.00,0.00,0.00
310001,20220125,22,02,310,0.20,0.00,0.00,R,1,0.00,0.00,0.00,0.00,63503.00,59995.00,785.43,0.00,0.00,402.60,399.45,402.05,0.10,0.40,1.39,0.20,0.00,1.00,60,26.00,0.00,0.00,0.00,0.00,,0.00,2,0.00,0.00,0.00,0.00,0.00,0.00,0.00,,0.20,0.00,0.00,0.00,0.00,0.00,0.00,0.00,0.00,0.00,0.00,0.00
310001,20220125,22,09,310,0.20,0.00,0.00,R,1,0.00,0.00,0.00,0.00,63503.00,59995.00,785.53,0.00,0.00,402.20,399.03,401.21,0.13,0.42,1.40,0.20,0.00,1.00,59,25.90,0.00,0.00,0.00,0.00,,0.00,2,0.00,0.00,0.00,0.00,0.00,0.00,0.00,,0.20,0.00,0.00,0.00,0.00,0.00,0.00,0.00,0.00,0.00,0.00,0.00
310001,20220125,22,08,310,0.20,0.00,0.00,R,1,0.00,0.00,0.00,0.00,63503.00,59995.00,785.53,0.02,0.00,402.37,399.07,401.16,0.13,0.45,1.42,0.20,0.00,1.00,60,25.90,0.00,0.00,0.00,0.00,,0.00,2,0.00,0.00,0.00,0.00,0.00,0.00,0.00,,0.20,0.00,0.00,0.00,0.00,0.00,0.00,0.00,0.00,0.00,0.00,0.00
310001,20220125,22,04,310,0.20,0.00,0.00,R,1,0.00,0.00,0.00,0.00,63503.00,59995.00,785.48,0.01,0.00,402.43,399.13,401.22,0.11,0.41,1.41,0.20,0.00,1.00,59,25.97,0.00,0.00,0.00,0.00,,0.00,2,0.00,0.00,0.00,0.00,0.00,0.00,0.00,,0.20,0.00,0.00,0.00,0.00,0.00,0.00,0.00,0.00,0.00,0.00,0.00
310001,20220125,21,59,310,0.20,0.00,0.00,R,1,0.00,0.00,0.00,0.00,63503.00,59995.00,785.42,0.00,0.00,402.91,399.76,402.16,0.10,0.40,1.39,0.20,0.00,1.00,59,26.01,0.00,0.00,0.00,0.00,,0.00,2,0.00,0.00,0.00,0.00,0.00,0.00,0.00,,0.20,0.00,0.00,0.00,0.00,0.00,0.00,0.00,0.00,0.00,0.00,0.00
310001,20220125,21,57,310,0.20,0.00,0.00,R,1,0.00,0.00,0.00,0.00,63503.00,59995.00,785.39,0.00,0.00,403.19,399.28,401.99,0.10,0.40,1.40,0.20,0.00,1.00,60,26.05,0.00,0.00,0.00,0.00,,0.00,2,0.00,0.00,0.00,0.00,0.00,0.00,0.00,,0.20,0.00,0.00,0.00,0.00,0.00,0.00,0.00,0.00,0.00,0.00,0.00
310001,20220125,22,07,310,0.20,0.00,0.00,R,1,0.00,0.00,0.00,0.00,63503.00,59995.00,785.50,0.01,0.00,402.53,399.35,401.37,0.11,0.41,1.40,0.20,0.00,1.00,60,25.90,0.00,0.00,0.00,0.00,,0.00,2,0.00,0.00,0.00,0.00,0.00,0.00,0.00,,0.20,0.00,0.00,0.00,0.00,0.00,0.00,0.00,0.00,0.00,0.00,0.00
310001,20220125,22,01,310,0.20,0.00,0.00,R,1,0.00,0.00,0.00,0.00,63503.00,59995.00,785.48,0.01,0.00,403.18,399.87,402.26,0.12,0.43,1.40,0.20,0.00,1.00,60,26.00,0.00,0.00,0.00,0.00,,0.00,2,0.00,0.00,0.00,0.00,0.00,0.00,0.00,,0.20,0.00,0.00,0.00,0.00,0.00,0.00,0.00,0.00,0.00,0.00,0.00
310001,20220125,22,03,310,0.20,0.00,0.00,R,1,0.00,0.00,0.00,0.00,63503.00,59995.00,785.46,0.00,0.00,402.58,399.40,401.63,0.11,0.41,1.40,0.20,0.00,1.00,59,26.00,0.00,0.00,0.00,0.00,,0.00,2,0.00,0.00,0.00,0.00,0.00,0.00,0.00,,0.20,0.00,0.00,0.00,0.00,0.00,0.00,0.00,0.00,0.00,0.00,0.00
310001,20220125,22,12,310,0.20,0.00,0.00,R,1,0.00,0.00,0.00,0.00,63503.00,59995.00,785.53,0.00,0.00,402.81,399.95,401.84,0.11,0.40,1.40,0.20,0.00,1.00,59,25.90,0.00,0.00,0.00,0.00,,0.00,2,0.00,0.00,0.00,0.00,0.00,0.00,0.00,,0.20,0.00,0.00,0.00,0.00,0.00,0.00,0.00,0.00,0.00,0.00,0.00
310001,20220125,22,06,310,0.20,0.00,0.00,R,1,0.00,0.00,0.00,0.00,63503.00,59995.00,785.48,0.00,0.00,403.26,399.98,402.02,0.11,0.41,1.39,0.20,0.00,1.00,60,25.93,0.00,0.00,0.00,0.00,,0.00,2,0.00,0.00,0.00,0.00,0.00,0.00,0.00,,0.20,0.00,0.00,0.00,0.00,0.00,0.00,0.00,0.00,0.00,0.00,0.00
310001,20220125,21,58,310,0.20,0.00,0.00,R,1,0.00,0.00,0.00,0.00,63503.00,59995.00,785.39,0.00,0.00,402.91,399.44,401.58,0.10,0.39,1.37,0.20,0.00,1.00,59,26.03,0.00,0.00,0.00,0.00,,0.00,2,0.00,0.00,0.00,0.00,0.00,0.00,0.00,,0.20,0.00,0.00,0.00,0.00,0.00,0.00,0.00,0.00,0.00,0.00,0.00
310001,20220125,22,00,310,0.20,0.00,0.00,R,1,0.00,0.00,0.00,0.00,63503.00,59995.00,785.44,0.01,0.00,403.36,400.18,402.18,0.10,0.39,1.39,0.20,0.00,1.00,60,26.00,0.00,0.00,0.00,0.00,,0.00,2,0.00,0.00,0.00,0.00,0.00,0.00,0.00,,0.20,0.00,0.00,0.00,0.00,0.00,0.00,0.00,0.00,0.00,0.00,0.00
310001,20220125,22,19,310,0.20,0.00,0.00,R,1,0.00,0.00,0.00,0.00,63503.00,59995.00,785.59,0.00,0.00,402.85,399.58,401.58,0.12,0.43,1.40,0.20,0.00,1.00,60,25.80,0.00,0.00,0.00,0.00,,0.00,2,0.00,0.00,0.00,0.00,0.00,0.00,0.00,,0.20,0.00,0.00,0.00,0.00,0.00,0.00,0.00,0.00,0.00,0.00,0.00
310001,20220125,22,16,310,0.21,0.00,0.00,R,1,0.00,0.00,0.00,0.00,63503.00,59995.00,785.60,0.01,0.00,401.89,398.68,400.83,0.18,0.45,1.43,0.21,0.00,1.00,59,25.81,0.00,0.00,0.00,0.00,,0.00,2,0.00,0.00,0.00,0.00,0.00,0.00,0.00,,0.21,0.00,0.00,0.00,0.00,0.00,0.00,0.00,0.00,0.00,0.00,0.00
310001,20220125,22,13,310,0.20,0.00,0.00,R,1,0.00,0.00,0.00,0.00,63503.00,59995.00,785.57,0.01,0.00,402.69,399.60,401.87,0.13,0.42,1.41,0.20,0.00,1.00,60,25.86,0.00,0.00,0.00,0.00,,0.00,2,0.00,0.00,0.00,0.00,0.00,0.00,0.00,,0.20,0.00,0.00,0.00,0.00,0.00,0.00,0.00,0.00,0.00,0.00,0.00
310001,20220125,22,05,310,0.20,0.00,0.00,R,1,0.00,0.00,0.00,0.00,63503.00,59995.00,785.46,0.00,0.00,402.65,399.22,401.47,0.10,0.41,1.39,0.20,0.00,1.00,59,25.98,0.00,0.00,0.00,0.00,,0.00,2,0.00,0.00,0.00,0.00,0.00,0.00,0.00,,0.20,0.00,0.00,0.00,0.00,0.00,0.00,0.00,0.00,0.00,0.00,0.00
310001,20220125,22,15,310,0.20,0.00,0.00,R,1,0.00,0.00,0.00,0.00,63503.00,59995.00,785.58,0.02,0.00,401.98,398.74,401.06,0.14,0.44,1.41,0.20,0.00,1.00,60,25.81,0.00,0.00,0.00,0.00,,0.00,2,0.00,0.00,0.00,0.00,0.00,0.00,0.00,,0.20,0.00,0.00,0.00,0.00,0.00,0.00,0.00,0.00,0.00,0.00,0.00
310001,20220125,22,14,310,0.20,0.00,0.00,R,1,0.00,0.00,0.00,0.00,63503.00,59995.00,785.56,0.00,0.00,402.45,399.08,401.35,0.11,0.41,1.40,0.20,0.00,1.00,60,25.88,0.00,0.00,0.00,0.00,,0.00,2,0.00,0.00,0.00,0.00,0.00,0.00,0.00,,0.20,0.00,0.00,0.00,0.00,0.00,0.00,0.00,0.00,0.00,0.00,0.00
310001,20220125,22,10,310,0.20,0.00,0.00,R,1,0.00,0.00,0.00,0.00,63503.00,59995.00,785.48,0.00,0.00,401.97,398.53,400.71,0.10,0.42,1.40,0.20,0.00,1.00,60,25.90,0.00,0.00,0.00,0.00,,0.00,2,0.00,0.00,0.00,0.00,0.00,0.00,0.00,,0.20,0.00,0.00,0.00,0.00,0.00,0.00,0.00,0.00,0.00,0.00,0.00
310001,20220125,22,11,310,0.20,0.00,0.00,R,1,0.00,0.00,0.00,0.00,63503.00,59995.00,785.52,0.00,0.00,402.26,398.88,400.85,0.11,0.42,1.40,0.20,0.00,1.00,60,25.90,0.00,0.00,0.00,0.00,,0.00,2,0.00,0.00,0.00,0.00,0.00,0.00,0.00,,0.20,0.00,0.00,0.00,0.00,0.00,0.00,0.00,0.00,0.00,0.00,0.00
310001,20220125,22,18,310,0.20,0.00,0.00,R,1,0.00,0.00,0.00,0.00,63503.00,59995.00,785.62,0.02,0.00,402.98,399.63,401.73,0.13,0.45,1.41,0.20,0.00,1.00,59,25.80,0.00,0.00,0.00,0.00,,0.00,2,0.00,0.00,0.00,0.00,0.00,0.00,0.00,,0.20,0.00,0.00,0.00,0.00,0.00,0.00,0.00,0.00,0.00,0.00,0.00
310001,20220125,22,17,310,0.20,0.00,0.00,R,1,0.00,0.00,0.00,0.00,63503.00,59995.00,785.58,0.00,0.00,402.12,399.12,401.48,0.13,0.43,1.39,0.20,0.00,1.00,60,25.81,0.00,0.00,0.00,0.00,,0.00,2,0.00,0.00,0.00,0.00,0.00,0.00,0.00,,0.20,0.00,0.00,0.00,0.00,0.00,0.00,0.00,0.00,0.00,0.00,0.00
310001,20220125,22,21,310,0.20,0.00,0.00,R,1,0.00,0.00,0.00,0.00,63503.00,59995.00,785.54,0.00,0.00,401.88,398.64,400.85,0.10,0.39,1.37,0.20,0.00,1.00,59,25.78,0.00,0.00,0.00,0.00,,0.00,2,0.00,0.00,0.00,0.00,0.00,0.00,0.00,,0.20,0.00,0.00,0.00,0.00,0.00,0.00,0.00,0.00,0.00,0.00,0.00
310001,20220125,22,20,310,0.20,0.00,0.00,R,0,0.00,0.00,0.00,0.00,63503.00,59995.00,785.56,0.00,0.00,402.20,399.08,401.47,0.10,0.39,1.39,0.20,0.00,1.00,60,25.80,0.00,0.00,0.00,0.00,,0.00,2,0.00,0.00,0.00,0.00,0.00,0.00,0.00,,0.20,0.00,0.00,0.00,0.00,0.00,0.00,0.00,0.00,0.00,0.00,0.00
310001,20220125,22,22,310,0.20,0.00,0.00,R,1,0.00,0.00,0.00,0.00,63503.00,59995.00,785.57,0.00,0.00,402.16,398.73,400.89,0.10,0.40,1.40,0.20,0.00,1.00,59,25.77,0.00,0.00,0.00,0.00,,0.00,2,0.00,0.00,0.00,0.00,0.00,0.00,0.00,,0.20,0.00,0.00,0.00,0.00,0.00,0.00,0.00,0.00,0.00,0.00,0.00
310001,20220125,22,23,310,0.20,0.00,0.00,R,1,0.00,0.00,0.00,0.00,63503.00,59995.00,785.58,0.00,0.00,402.38,398.77,400.96,0.12,0.40,1.39,0.20,0.00,1.00,59,25.73,0.00,0.00,0.00,0.00,,0.00,2,0.00,0.00,0.00,0.00,0.00,0.00,0.00,,0.20,0.00,0.00,0.00,0.00,0.00,0.00,0.00,0.00,0.00,0.00,0.00
310001,20220125,22,24,310,0.20,0.00,0.00,R,1,0.00,0.00,0.00,0.00,63503.00,59995.00,785.61,0.01,0.00,403.30,399.24,401.70,0.12,0.42,1.39,0.20,0.00,1.00,60,25.71,0.00,0.00,0.00,0.00,,0.00,2,0.00,0.00,0.00,0.00,0.00,0.00,0.00,,0.20,0.00,0.00,0.00,0.00,0.00,0.00,0.00,0.00,0.00,0.00,0.00
310001,20220205,11,40,310,-69.79,0.00,0.00,R,1,0.00,0.00,2.00,0.00,65707.00,61967.00,842.57,80.18,0.00,405.79,403.70,405.88,99.81,100.58,98.17,-69.79,0.00,1.00,60,41.73,0.00,0.00,0.00,0.00,,0.00,3,0.00,0.00,0.00,0.00,0.00,0.00,0.00,,-69.79,0.00,0.00,0.00,0.00,0.00,0.00,0.00,0.00,0.00,0.00,0.00
310001,20220205,11,31,310,-69.81,0.00,0.00,R,1,0.00,0.00,1.00,0.00,65696.00,61967.00,841.93,80.29,0.00,405.21,403.24,405.66,100.05,100.57,98.33,-69.81,0.00,1.00,60,50.87,0.00,0.00,0.00,0.00,,0.00,3,0.00,0.00,0.00,0.00,0.00,0.00,0.00,,-69.81,0.00,0.00,0.00,0.00,0.00,0.00,0.00,0.00,0.00,0.00,0.00
310001,20220205,11,34,310,-69.80,0.00,0.00,R,1,0.00,0.00,1.00,0.00,65700.00,61967.00,841.53,80.29,0.00,405.14,403.58,405.68,99.98,100.42,98.47,-69.80,0.00,1.00,59,51.73,0.00,0.00,0.00,0.00,,0.00,3,0.00,0.00,0.00,0.00,0.00,0.00,0.00,,-69.80,0.00,0.00,0.00,0.00,0.00,0.00,0.00,0.00,0.00,0.00,0.00
310001,20220205,11,44,310,-69.79,0.00,0.00,R,1,0.00,0.00,1.00,0.00,65711.00,61967.00,842.36,80.22,0.00,405.48,402.89,405.02,99.88,100.94,98.28,-69.79,0.00,1.00,60,49.94,0.00,0.00,0.00,0.00,,0.00,3,0.00,0.00,0.00,0.00,0.00,0.00,0.00,,-69.79,0.00,0.00,0.00,0.00,0.00,0.00,0.00,0.00,0.00,0.00,0.00
310001,20220205,11,28,310,-69.79,0.00,0.00,R,1,0.00,0.00,1.00,0.00,65693.00,61967.00,842.20,80.29,0.00,405.13,402.53,404.95,100.01,101.04,98.21,-69.79,0.00,1.00,59,48.88,0.00,0.00,0.00,0.00,,0.00,3,0.00,0.00,0.00,0.00,0.00,0.00,0.00,,-69.79,0.00,0.00,0.00,0.00,0.00,0.00,0.00,0.00,0.00,0.00,0.00
310001,20220205,11,26,310,-68.97,0.00,0.00,R,1,0.00,0.00,1.00,0.00,65690.00,61967.00,842.27,79.31,0.00,404.37,401.88,404.18,98.98,99.98,97.28,-68.97,0.00,1.00,59,46.05,0.00,0.00,0.00,0.00,,0.00,3,0.00,0.00,0.00,0.00,0.00,0.00,0.00,,-68.97,0.00,0.00,0.00,0.00,0.00,0.00,0.00,0.00,0.00,0.00,0.00
310001,20220205,11,33,310,-69.81,0.00,0.00,R,1,0.00,0.00,2.00,0.00,65699.00,61967.00,841.60,80.30,0.00,405.56,403.58,405.52,99.76,100.73,98.27,-69.81,0.00,1.00,60,51.51,0.00,0.00,0.00,0.00,,0.00,3,0.00,0.00,0.00,0.00,0.00,0.00,0.00,,-69.81,0.00,0.00,0.00,0.00,0.00,0.00,0.00,0.00,0.00,0.00,0.00
310001,20220205,11,30,310,-68.47,0.00,0.00,R,1,0.00,0.00,1.00,0.00,65695.00,61967.00,841.98,78.80,0.00,405.18,403.53,405.55,98.02,98.66,96.50,-68.47,0.00,1.00,60,50.09,0.00,0.00,0.00,0.00,,0.00,3,0.00,0.00,0.00,0.00,0.00,0.00,0.00,,-68.47,0.00,0.00,0.00,0.00,0.00,0.00,0.00,0.00,0.00,0.00,0.00
310001,20220205,11,41,310,-69.14,0.00,0.00,R,1,0.00,0.00,1.00,0.00,65708.00,61967.00,842.66,79.42,0.00,406.03,403.45,405.78,98.80,99.78,97.19,-69.14,0.00,1.00,60,44.98,0.00,0.00,0.00,0.00,,0.00,3,0.00,0.00,0.00,0.00,0.00,0.00,0.00,,-69.14,0.00,0.00,0.00,0.00,0.00,0.00,0.00,0.00,0.00,0.00,0.00
310001,20220205,11,38,310,-69.78,0.00,0.00,R,1,0.00,0.00,1.00,0.00,65704.00,61967.00,842.09,80.18,0.00,405.99,403.07,405.80,99.67,101.03,97.97,-69.78,0.00,1.00,60,42.34,0.00,0.00,0.00,0.00,,0.00,3,0.00,0.00,0.00,0.00,0.00,0.00,0.00,,-69.78,0.00,0.00,0.00,0.00,0.00,0.00,0.00,0.00,0.00,0.00,0.00
310001,20220205,11,32,310,-69.81,0.00,0.00,R,1,0.00,0.00,1.00,0.00,65697.00,61967.00,841.78,80.31,0.00,405.33,403.53,405.40,99.90,100.57,98.41,-69.81,0.00,1.00,60,51.03,0.00,0.00,0.00,0.00,,0.00,3,0.00,0.00,0.00,0.00,0.00,0.00,0.00,,-69.81,0.00,0.00,0.00,0.00,0.00,0.00,0.00,0.00,0.00,0.00,0.00
310001,20220205,11,27,310,-69.80,0.00,0.00,R,1,0.00,0.00,2.00,0.00,65692.00,61967.00,842.24,80.28,0.00,404.67,402.18,404.42,100.06,101.14,98.42,-69.80,0.00,1.00,59,47.63,0.00,0.00,0.00,0.00,,0.00,3,0.00,0.00,0.00,0.00,0.00,0.00,0.00,,-69.80,0.00,0.00,0.00,0.00,0.00,0.00,0.00,0.00,0.00,0.00,0.00
310001,20220205,11,37,310,-69.81,0.00,0.00,R,1,0.00,0.00,1.00,0.00,65703.00,61967.00,841.81,80.17,0.00,405.23,403.01,405.27,99.96,100.79,98.28,-69.81,0.00,1.00,60,43.54,0.00,0.00,0.00,0.00,,0.00,3,0.00,0.00,0.00,0.00,0.00,0.00,0.00,,-69.81,0.00,0.00,0.00,0.00,0.00,0.00,0.00,0.00,0.00,0.00,0.00
310001,20220205,11,29,310,-69.05,0.00,0.00,R,1,0.00,0.00,1.00,0.00,65694.00,61967.00,842.10,79.48,0.00,405.26,403.03,405.33,98.86,99.73,97.18,-69.05,0.00,1.00,59,49.73,0.00,0.00,0.00,0.00,,0.00,3,0.00,0.00,0.00,0.00,0.00,0.00,0.00,,-69.05,0.00,0.00,0.00,0.00,0.00,0.00,0.00,0.00,0.00,0.00,0.00
310001,20220205,11,36,310,-67.71,0.00,0.00,R,1,0.00,0.00,1.00,0.00,65702.00,61967.00,841.38,77.88,0.00,406.05,403.08,405.27,96.63,98.21,95.08,-67.71,0.00,1.00,59,45.48,0.00,0.00,0.00,0.00,,0.00,3,0.00,0.00,0.00,0.00,0.00,0.00,0.00,,-67.71,0.00,0.00,0.00,0.00,0.00,0.00,0.00,0.00,0.00,0.00,0.00
310001,20220205,11,35,310,-69.31,0.00,0.00,R,1,0.00,0.00,1.00,0.00,65701.00,61967.00,841.36,79.74,0.00,405.42,403.08,405.24,99.17,100.13,97.60,-69.31,0.00,1.00,59,49.48,0.00,0.00,0.00,0.00,,0.00,3,0.00,0.00,0.00,0.00,0.00,0.00,0.00,,-69.31,0.00,0.00,0.00,0.00,0.00,0.00,0.00,0.00,0.00,0.00,0.00
310001,20220205,11,47,310,-69.39,0.00,0.00,R,1,0.00,0.00,1.00,0.00,65715.00,61967.00,841.84,79.81,0.00,405.20,403.56,405.57,99.44,99.82,97.85,-69.39,0.00,1.00,59,52.02,0.00,0.00,0.00,0.00,,0.00,3,0.00,0.00,0.00,0.00,0.00,0.00,0.00,,-69.39,0.00,0.00,0.00,0.00,0.00,0.00,0.00,0.00,0.00,0.00,0.00
310001,20220205,11,43,310,-69.81,0.00,0.00,R,1,0.00,0.00,1.00,0.00,65710.00,61967.00,842.51,80.22,0.00,405.10,403.28,405.65,99.98,100.63,98.33,-69.81,0.00,1.00,60,48.70,0.00,0.00,0.00,0.00,,0.00,3,0.00,0.00,0.00,0.00,0.00,0.00,0.00,,-69.81,0.00,0.00,0.00,0.00,0.00,0.00,0.00,0.00,0.00,0.00,0.00
310001,20220205,11,39,310,-69.80,0.00,0.00,R,1,0.00,0.00,1.00,0.00,65705.00,61967.00,842.31,80.23,0.00,406.08,403.53,405.36,99.69,100.85,98.19,-69.80,0.00,1.00,60,41.44,0.00,0.00,0.00,0.00,,0.00,3,0.00,0.00,0.00,0.00,0.00,0.00,0.00,,-69.80,0.00,0.00,0.00,0.00,0.00,0.00,0.00,0.00,0.00,0.00,0.00
310001,20220205,11,46,310,-69.80,0.00,0.00,R,1,0.00,0.00,2.00,0.00,65714.00,61967.00,842.04,80.20,0.00,405.18,402.84,404.93,99.93,100.95,98.36,-69.80,0.00,1.00,59,51.50,0.00,0.00,0.00,0.00,,0.00,3,0.00,0.00,0.00,0.00,0.00,0.00,0.00,,-69.80,0.00,0.00,0.00,0.00,0.00,0.00,0.00,0.00,0.00,0.00,0.00
310001,20220205,11,42,310,-68.28,0.00,0.00,R,1,0.00,0.00,1.00,0.00,65709.00,61967.00,842.43,78.49,0.00,405.71,403.18,405.44,97.70,98.65,96.05,-68.28,0.00,1.00,60,47.12,0.00,0.00,0.00,0.00,,0.00,3,0.00,0.00,0.00,0.00,0.00,0.00,0.00,,-68.28,0.00,0.00,0.00,0.00,0.00,0.00,0.00,0.00,0.00,0.00,0.00
310001,20220205,11,45,310,-69.80,0.00,0.00,R,1,0.00,0.00,1.00,0.00,65712.00,61967.00,842.20,80.21,0.00,405.18,402.62,404.68,99.87,101.11,98.39,-69.80,0.00,1.00,59,50.81,0.00,0.00,0.00,0.00,,0.00,3,0.00,0.00,0.00,0.00,0.00,0.00,0.00,,-69.80,0.00,0.00,0.00,0.00,0.00,0.00,0.00,0.00,0.00,0.00,0.00
310001,20220205,11,49,310,-69.82,0.00,0.00,R,1,0.00,0.00,1.00,0.00,65717.00,61967.00,841.60,80.18,0.00,406.18,404.33,405.95,99.70,100.46,98.18,-69.82,0.00,1.00,60,50.08,0.00,0.00,0.00,0.00,,0.00,3,0.00,0.00,0.00,0.00,0.00,0.00,0.00,,-69.82,0.00,0.00,0.00,0.00,0.00,0.00,0.00,0.00,0.00,0.00,0.00
310001,20220205,11,48,310,-69.14,0.00,0.00,R,1,0.00,0.00,1.00,0.00,65716.00,61967.00,841.63,79.53,0.00,405.88,403.46,405.87,98.93,99.73,97.14,-69.14,0.00,1.00,60,52.21,0.00,0.00,0.00,0.00,,0.00,3,0.00,0.00,0.00,0.00,0.00,0.00,0.00,,-69.14,0.00,0.00,0.00,0.00,0.00,0.00,0.00,0.00,0.00,0.00,0.00
310001,20220205,11,50,310,-69.80,0.00,0.00,R,1,0.00,0.00,1.00,0.00,65718.00,61967.00,841.74,80.19,0.00,406.46,404.34,406.58,99.70,100.38,98.02,-69.80,0.00,1.00,60,46.48,0.00,0.00,0.00,0.00,,0.00,3,0.00,0.00,0.00,0.00,0.00,0.00,0.00,,-69.80,0.00,0.00,0.00,0.00,0.00,0.00,0.00,0.00,0.00,0.00,0.00
310001,20220205,11,51,310,-69.81,0.00,0.00,R,1,0.00,0.00,1.00,0.00,65719.00,61967.00,842.01,80.16,0.00,406.21,404.18,406.33,99.78,100.45,98.02,-69.81,0.00,1.00,60,44.38,0.00,0.00,0.00,0.00,,0.00,3,0.00,0.00,0.00,0.00,0.00,0.00,0.00,,-69.81,0.00,0.00,0.00,0.00,0.00,0.00,0.00,0.00,0.00,0.00,0.00
310001,20211228,15,59,310,0.20,0.00,0.00,R,1,0.00,0.00,0.00,0.00,58516.00,55160.00,833.13,0.00,0.00,396.87,393.77,395.79,0.10,0.40,1.52,0.20,0.00,1.00,60,21.03,0.00,0.00,0.00,0.00,,0.00,2,0.00,0.00,0.00,0.00,0.00,0.00,0.00,,0.20,0.00,0.00,0.00,0.00,0.00,0.00,0.00,0.00,0.00,0.00,0.00
310001,20220125,22,42,310,0.20,0.00,0.00,R,1,0.00,0.00,0.00,0.00,63503.00,59995.00,785.68,0.00,0.00,401.13,397.81,399.89,0.10,0.40,1.40,0.20,0.00,1.00,59,25.50,0.00,0.00,0.00,0.00,,0.00,2,0.00,0.00,0.00,0.00,0.00,0.00,0.00,,0.20,0.00,0.00,0.00,0.00,0.00,0.00,0.00,0.00,0.00,0.00,0.00
310001,20220125,22,32,310,0.20,0.00,0.00,R,1,0.00,0.00,0.00,0.00,63503.00,59995.00,785.67,0.00,0.00,402.50,398.64,400.98,0.12,0.42,1.40,0.20,0.00,1.00,59,25.61,0.00,0.00,0.00,0.00,,0.00,2,0.00,0.00,0.00,0.00,0.00,0.00,0.00,,0.20,0.00,0.00,0.00,0.00,0.00,0.00,0.00,0.00,0.00,0.00,0.00
310001,20220125,22,35,310,0.20,0.00,0.00,R,1,0.00,0.00,0.00,0.00,63503.00,59995.00,785.63,0.02,0.00,401.48,397.78,400.32,0.11,0.42,1.39,0.20,0.00,1.00,60,25.60,0.00,0.00,0.00,0.00,,0.00,2,0.00,0.00,0.00,0.00,0.00,0.00,0.00,,0.20,0.00,0.00,0.00,0.00,0.00,0.00,0.00,0.00,0.00,0.00,0.00
310001,20220125,22,44,310,0.20,0.00,0.00,R,1,0.00,0.00,0.00,0.00,63503.00,59995.00,785.68,0.00,0.00,401.27,397.69,399.94,0.11,0.40,1.39,0.20,0.00,1.00,59,25.50,0.00,0.00,0.00,0.00,,0.00,2,0.00,0.00,0.00,0.00,0.00,0.00,0.00,,0.20,0.00,0.00,0.00,0.00,0.00,0.00,0.00,0.00,0.00,0.00,0.00
310001,20220125,22,27,310,0.20,0.00,0.00,R,1,0.00,0.00,0.00,0.00,63503.00,59995.00,785.63,0.00,0.00,402.82,399.33,401.60,0.10,0.41,1.40,0.20,0.00,1.00,60,25.70,0.00,0.00,0.00,0.00,,0.00,2,0.00,0.00,0.00,0.00,0.00,0.00,0.00,,0.20,0.00,0.00,0.00,0.00,0.00,0.00,0.00,0.00,0.00,0.00,0.00
310001,20220125,22,29,310,0.20,0.00,0.00,R,1,0.00,0.00,0.00,0.00,63503.00,59995.00,785.63,0.00,0.00,402.91,399.30,401.56,0.10,0.40,1.40,0.20,0.00,1.00,59,25.70,0.00,0.00,0.00,0.00,,0.00,2,0.00,0.00,0.00,0.00,0.00,0.00,0.00,,0.20,0.00,0.00,0.00,0.00,0.00,0.00,0.00,0.00,0.00,0.00,0.00
310001,20220125,22,25,310,0.20,0.00,0.00,R,1,0.00,0.00,0.00,0.00,63503.00,59995.00,785.68,0.02,0.00,403.16,399.67,401.62,0.17,0.44,1.43,0.20,0.00,1.00,60,25.71,0.00,0.00,0.00,0.00,,0.00,2,0.00,0.00,0.00,0.00,0.00,0.00,0.00,,0.20,0.00,0.00,0.00,0.00,0.00,0.00,0.00,0.00,0.00,0.00,0.00
310001,20220125,22,34,310,0.20,0.00,0.00,R,1,0.00,0.00,0.00,0.00,63503.00,59995.00,785.66,0.01,0.00,401.68,398.25,400.40,0.10,0.41,1.40,0.20,0.00,1.00,59,25.60,0.00,0.00,0.00,0.00,,0.00,2,0.00,0.00,0.00,0.00,0.00,0.00,0.00,,0.20,0.00,0.00,0.00,0.00,0.00,0.00,0.00,0.00,0.00,0.00,0.00
310001,20220125,22,31,310,0.20,0.00,0.00,R,1,0.00,0.00,0.00,0.00,63503.00,59995.00,785.67,0.00,0.00,402.68,399.04,401.25,0.10,0.41,1.40,0.20,0.00,1.00,59,25.61,0.00,0.00,0.00,0.00,,0.00,2,0.00,0.00,0.00,0.00,0.00,0.00,0.00,,0.20,0.00,0.00,0.00,0.00,0.00,0.00,0.00,0.00,0.00,0.00,0.00
310001,20220125,22,43,310,0.20,0.00,0.00,R,1,0.00,0.00,0.00,0.00,63503.00,59995.00,785.68,0.00,0.00,400.99,397.74,399.78,0.11,0.41,1.39,0.20,0.00,1.00,59,25.50,0.00,0.00,0.00,0.00,,0.00,2,0.00,0.00,0.00,0.00,0.00,0.00,0.00,,0.20,0.00,0.00,0.00,0.00,0.00,0.00,0.00,0.00,0.00,0.00,0.00
310001,20220125,22,39,310,0.20,0.00,0.00,R,1,0.00,0.00,0.00,0.00,63503.00,59995.00,785.68,0.00,0.00,401.65,398.18,400.21,0.11,0.41,1.39,0.20,0.00,1.00,60,25.57,0.00,0.00,0.00,0.00,,0.00,2,0.00,0.00,0.00,0.00,0.00,0.00,0.00,,0.20,0.00,0.00,0.00,0.00,0.00,0.00,0.00,0.00,0.00,0.00,0.00
310001,20220125,22,33,310,0.20,0.00,0.00,R,1,0.00,0.00,0.00,0.00,63503.00,59995.00,785.70,0.02,0.00,402.11,398.37,400.33,0.13,0.42,1.41,0.20,0.00,1.00,59,25.60,0.00,0.00,0.00,0.00,,0.00,2,0.00,0.00,0.00,0.00,0.00,0.00,0.00,,0.20,0.00,0.00,0.00,0.00,0.00,0.00,0.00,0.00,0.00,0.00,0.00
310001,20220125,22,28,310,0.20,0.00,0.00,R,1,0.00,0.00,0.00,0.00,63503.00,59995.00,785.63,0.00,0.00,402.83,399.23,401.30,0.10,0.41,1.40,0.20,0.00,1.00,59,25.66,0.00,0.00,0.00,0.00,,0.00,2,0.00,0.00,0.00,0.00,0.00,0.00,0.00,,0.20,0.00,0.00,0.00,0.00,0.00,0.00,0.00,0.00,0.00,0.00,0.00
310001,20220125,22,26,310,0.20,0.00,0.00,R,1,0.00,0.00,0.00,0.00,63503.00,59995.00,785.67,0.00,0.00,402.78,399.43,401.64,0.13,0.42,1.40,0.20,0.00,1.00,59,25.70,0.00,0.00,0.00,0.00,,0.00,2,0.00,0.00,0.00,0.00,0.00,0.00,0.00,,0.20,0.00,0.00,0.00,0.00,0.00,0.00,0.00,0.00,0.00,0.00,0.00
310001,20220125,22,38,310,0.20,0.00,0.00,R,1,0.00,0.00,0.00,0.00,63503.00,59995.00,785.71,0.00,0.00,401.07,397.70,400.16,0.13,0.43,1.40,0.20,0.00,1.00,59,25.55,0.00,0.00,0.00,0.00,,0.00,2,0.00,0.00,0.00,0.00,0.00,0.00,0.00,,0.20,0.00,0.00,0.00,0.00,0.00,0.00,0.00,0.00,0.00,0.00,0.00
310001,20220125,22,37,310,0.20,0.00,0.00,R,1,0.00,0.00,0.00,0.00,63503.00,59995.00,785.68,0.01,0.00,401.39,397.72,399.96,0.12,0.43,1.40,0.20,0.00,1.00,60,25.54,0.00,0.00,0.00,0.00,,0.00,2,0.00,0.00,0.00,0.00,0.00,0.00,0.00,,0.20,0.00,0.00,0.00,0.00,0.00,0.00,0.00,0.00,0.00,0.00,0.00
310001,20220125,22,30,310,0.20,0.00,0.00,R,1,0.00,0.00,0.00,0.00,63503.00,59995.00,785.66,0.00,0.00,402.84,398.88,401.06,0.12,0.43,1.40,0.20,0.00,1.00,60,25.67,0.00,0.00,0.00,0.00,,0.00,2,0.00,0.00,0.00,0.00,0.00,0.00,0.00,,0.20,0.00,0.00,0.00,0.00,0.00,0.00,0.00,0.00,0.00,0.00,0.00
310001,20220125,22,36,310,0.20,0.00,0.00,R,1,0.00,0.00,0.00,0.00,63503.00,59995.00,785.64,0.00,0.00,401.17,397.36,399.85,0.10,0.40,1.39,0.20,0.00,1.00,59,25.59,0.00,0.00,0.00,0.00,,0.00,2,0.00,0.00,0.00,0.00,0.00,0.00,0.00,,0.20,0.00,0.00,0.00,0.00,0.00,0.00,0.00,0.00,0.00,0.00,0.00
310001,20220125,22,40,310,0.20,0.00,0.00,R,1,0.00,0.00,0.00,0.00,63503.00,59995.00,785.67,0.01,0.00,401.53,397.91,400.04,0.10,0.41,1.39,0.20,0.00,1.00,59,25.52,0.00,0.00,0.00,0.00,,0.00,2,0.00,0.00,0.00,0.00,0.00,0.00,0.00,,0.20,0.00,0.00,0.00,0.00,0.00,0.00,0.00,0.00,0.00,0.00,0.00
310001,20220125,22,41,310,0.20,0.00,0.00,R,1,0.00,0.00,0.00,0.00,63503.00,59995.00,785.70,0.00,0.00,401.40,397.76,399.70,0.12,0.43,1.40,0.20,0.00,1.00,59,25.50,0.00,0.00,0.00,0.00,,0.00,2,0.00,0.00,0.00,0.00,0.00,0.00,0.00,,0.20,0.00,0.00,0.00,0.00,0.00,0.00,0.00,0.00,0.00,0.00,0.00
310001,20220125,22,46,310,0.20,0.00,0.00,R,1,0.00,0.00,0.00,0.00,63503.00,59995.00,785.66,0.00,0.00,401.43,397.59,399.91,0.10,0.40,1.38,0.20,0.00,1.00,60,25.48,0.00,0.00,0.00,0.00,,0.00,2,0.00,0.00,0.00,0.00,0.00,0.00,0.00,,0.20,0.00,0.00,0.00,0.00,0.00,0.00,0.00,0.00,0.00,0.00,0.00
310001,20220125,22,48,310,0.20,0.00,0.00,R,1,0.00,0.00,0.00,0.00,63503.00,59995.00,785.77,0.01,0.00,401.38,398.26,400.48,0.11,0.42,1.41,0.20,0.00,1.00,59,25.43,0.00,0.00,0.00,0.00,,0.00,2,0.00,0.00,0.00,0.00,0.00,0.00,0.00,,0.20,0.00,0.00,0.00,0.00,0.00,0.00,0.00,0.00,0.00,0.00,0.00
310001,20220125,22,47,310,0.20,0.00,0.00,R,1,0.00,0.00,0.00,0.00,63503.00,59995.00,785.70,0.00,0.00,401.18,397.61,399.76,0.10,0.41,1.39,0.20,0.00,1.00,60,25.46,0.00,0.00,0.00,0.00,,0.00,2,0.00,0.00,0.00,0.00,0.00,0.00,0.00,,0.20,0.00,0.00,0.00,0.00,0.00,0.00,0.00,0.00,0.00,0.00,0.00
310001,20220125,22,45,310,0.20,0.00,0.00,R,1,0.00,0.00,0.00,0.00,63503.00,59995.00,785.67,0.00,0.00,401.33,398.02,400.22,0.10,0.40,1.38,0.20,0.00,1.00,60,25.49,0.00,0.00,0.00,0.00,,0.00,2,0.00,0.00,0.00,0.00,0.00,0.00,0.00,,0.20,0.00,0.00,0.00,0.00,0.00,0.00,0.00,0.00,0.00,0.00,0.00
310001,20220125,22,50,310,0.20,0.00,0.00,R,1,0.00,0.00,0.00,0.00,63503.00,59995.00,785.73,0.00,0.00,401.28,398.18,400.26,0.13,0.41,1.40,0.20,0.00,1.00,59,25.41,0.00,0.00,0.00,0.00,,0.00,2,0.00,0.00,0.00,0.00,0.00,0.00,0.00,,0.20,0.00,0.00,0.00,0.00,0.00,0.00,0.00,0.00,0.00,0.00,0.00
310001,20220125,22,49,310,0.20,0.00,0.00,R,1,0.00,0.00,0.00,0.00,63503.00,59995.00,785.72,0.00,0.00,401.44,398.01,400.23,0.12,0.41,1.40,0.20,0.00,1.00,59,25.40,0.00,0.00,0.00,0.00,,0.00,2,0.00,0.00,0.00,0.00,0.00,0.00,0.00,,0.20,0.00,0.00,0.00,0.00,0.00,0.00,0.00,0.00,0.00,0.00,0.00
310001,20220125,22,51,310,0.20,0.00,0.00,R,1,0.00,0.00,0.00,0.00,63503.00,59995.00,785.75,0.02,0.00,400.98,397.85,399.78,0.13,0.44,1.41,0.20,0.00,1.00,60,25.40,0.00,0.00,0.00,0.00,,0.00,2,0.00,0.00,0.00,0.00,0.00,0.00,0.00,,0.20,0.00,0.00,0.00,0.00,0.00,0.00,0.00,0.00,0.00,0.00,0.00
310001,20220125,22,52,310,0.20,0.00,0.00,R,1,0.00,0.00,0.00,0.00,63503.00,59995.00,785.74,0.00,0.00,400.94,397.42,400.26,0.12,0.43,1.40,0.20,0.00,1.00,60,25.40,0.00,0.00,0.00,0.00,,0.00,2,0.00,0.00,0.00,0.00,0.00,0.00,0.00,,0.20,0.00,0.00,0.00,0.00,0.00,0.00,0.00,0.00,0.00,0.00,0.00
310001,20220125,22,53,310,0.20,0.00,0.00,R,1,0.00,0.00,0.00,0.00,63503.00,59995.00,785.75,0.00,0.00,400.52,397.23,399.69,0.12,0.43,1.39,0.20,0.00,1.00,59,25.40,0.00,0.00,0.00,0.00,,0.00,2,0.00,0.00,0.00,0.00,0.00,0.00,0.00,,0.20,0.00,0.00,0.00,0.00,0.00,0.00,0.00,0.00,0.00,0.00,0.00
310001,20220205,11,52,310,-69.79,0.00,0.00,R,1,0.00,0.00,2.00,0.00,65721.00,61967.00,842.25,80.16,0.00,406.65,404.63,406.78,99.68,100.33,97.85,-69.79,0.00,1.00,60,43.01,0.00,0.00,0.00,0.00,,0.00,3,0.00,0.00,0.00,0.00,0.00,0.00,0.00,,-69.79,0.00,0.00,0.00,0.00,0.00,0.00,0.00,0.00,0.00,0.00,0.00
310001,20220225,21,07,310,58.03,0.00,0.00,R,1,0.00,0.00,0.00,1.00,70157.00,66199.00,798.16,74.94,0.00,402.22,399.12,401.75,86.81,85.49,87.71,58.03,0.00,1.00,60,40.29,0.00,0.00,0.00,0.00,,0.00,3,0.00,0.00,0.00,0.00,0.00,0.00,0.00,,58.03,0.00,0.00,0.00,0.00,0.00,0.00,0.00,0.00,0.00,0.00,0.00
310001,20220125,22,55,310,0.20,0.00,0.00,R,1,0.00,0.00,0.00,0.00,63503.00,59995.00,785.77,0.01,0.00,400.64,397.28,399.35,0.13,0.45,1.40,0.20,0.00,1.00,60,25.40,0.00,0.00,0.00,0.00,,0.00,2,0.00,0.00,0.00,0.00,0.00,0.00,0.00,,0.20,0.00,0.00,0.00,0.00,0.00,0.00,0.00,0.00,0.00,0.00,0.00
310001,20220125,23,03,310,0.20,0.00,0.00,R,1,0.00,0.00,0.00,0.00,63503.00,59995.00,785.65,0.00,0.00,397.68,394.03,396.23,0.11,0.40,1.40,0.20,0.00,1.00,59,25.30,0.00,0.00,0.00,0.00,,0.00,2,0.00,0.00,0.00,0.00,0.00,0.00,0.00,,0.20,0.00,0.00,0.00,0.00,0.00,0.00,0.00,0.00,0.00,0.00,0.00
310001,20220125,22,57,310,0.20,0.00,0.00,R,1,0.00,0.00,0.00,0.00,63503.00,59995.00,785.76,0.02,0.00,399.83,396.48,398.47,0.15,0.47,1.42,0.20,0.00,1.00,59,25.37,0.00,0.00,0.00,0.00,,0.00,2,0.00,0.00,0.00,0.00,0.00,0.00,0.00,,0.20,0.00,0.00,0.00,0.00,0.00,0.00,0.00,0.00,0.00,0.00,0.00
310001,20220125,23,12,310,0.20,0.00,0.00,R,1,0.00,0.00,0.00,0.00,63503.00,59995.00,785.68,0.00,0.00,397.37,394.13,396.42,0.10,0.38,1.35,0.20,0.00,1.00,60,25.18,0.00,0.00,0.00,0.00,,0.00,2,0.00,0.00,0.00,0.00,0.00,0.00,0.00,,0.20,0.00,0.00,0.00,0.00,0.00,0.00,0.00,0.00,0.00,0.00,0.00
310001,20220125,23,09,310,0.20,0.00,0.00,R,1,0.00,0.00,0.00,0.00,63503.00,59995.00,785.74,0.00,0.00,398.36,394.38,397.14,0.11,0.41,1.40,0.20,0.00,1.00,60,25.20,0.00,0.00,0.00,0.00,,0.00,2,0.00,0.00,0.00,0.00,0.00,0.00,0.00,,0.20,0.00,0.00,0.00,0.00,0.00,0.00,0.00,0.00,0.00,0.00,0.00
310001,20220125,22,59,310,0.20,0.00,0.00,R,1,0.00,0.00,0.00,0.00,63503.00,59995.00,785.71,0.00,0.00,399.30,395.72,398.23,0.10,0.42,1.40,0.20,0.00,1.00,59,25.33,0.00,0.00,0.00,0.00,,0.00,2,0.00,0.00,0.00,0.00,0.00,0.00,0.00,,0.20,0.00,0.00,0.00,0.00,0.00,0.00,0.00,0.00,0.00,0.00,0.00
310001,20220125,23,02,310,0.20,0.00,0.00,R,1,0.00,0.00,0.00,0.00,63503.00,59995.00,785.69,0.00,0.00,397.53,394.41,396.53,0.10,0.40,1.40,0.20,0.00,1.00,59,25.30,0.00,0.00,0.00,0.00,,0.00,2,0.00,0.00,0.00,0.00,0.00,0.00,0.00,,0.20,0.00,0.00,0.00,0.00,0.00,0.00,0.00,0.00,0.00,0.00,0.00
310001,20220125,22,54,310,0.22,0.00,0.00,R,1,0.00,0.00,0.00,0.00,63503.00,59995.00,785.78,0.03,0.00,400.68,397.03,399.36,0.16,0.47,1.42,0.22,0.00,1.00,59,25.40,0.00,0.00,0.00,0.00,,0.00,2,0.00,0.00,0.00,0.00,0.00,0.00,0.00,,0.22,0.00,0.00,0.00,0.00,0.00,0.00,0.00,0.00,0.00,0.00,0.00
310001,20220125,22,56,310,0.20,0.00,0.00,R,1,0.00,0.00,0.00,0.00,63503.00,59995.00,785.75,0.00,0.00,399.68,396.38,398.57,0.13,0.45,1.41,0.20,0.00,1.00,59,25.39,0.00,0.00,0.00,0.00,,0.00,2,0.00,0.00,0.00,0.00,0.00,0.00,0.00,,0.20,0.00,0.00,0.00,0.00,0.00,0.00,0.00,0.00,0.00,0.00,0.00
310001,20220125,23,11,310,0.20,0.00,0.00,R,1,0.00,0.00,0.00,0.00,63503.00,59995.00,785.71,0.00,0.00,397.56,394.38,396.91,0.11,0.40,1.38,0.20,0.00,1.00,60,25.17,0.00,0.00,0.00,0.00,,0.00,2,0.00,0.00,0.00,0.00,0.00,0.00,0.00,,0.20,0.00,0.00,0.00,0.00,0.00,0.00,0.00,0.00,0.00,0.00,0.00
310001,20220125,22,58,310,0.20,0.00,0.00,R,1,0.00,0.00,0.00,0.00,63503.00,59995.00,785.72,0.02,0.00,399.78,396.13,398.27,0.11,0.42,1.41,0.20,0.00,1.00,59,25.36,0.00,0.00,0.00,0.00,,0.00,2,0.00,0.00,0.00,0.00,0.00,0.00,0.00,,0.20,0.00,0.00,0.00,0.00,0.00,0.00,0.00,0.00,0.00,0.00,0.00
310001,20220125,23,01,310,0.20,0.00,0.00,R,1,0.00,0.00,0.00,0.00,63503.00,59995.00,785.68,0.00,0.00,397.65,394.25,396.37,0.11,0.42,1.39,0.20,0.00,1.00,59,25.30,0.00,0.00,0.00,0.00,,0.00,2,0.00,0.00,0.00,0.00,0.00,0.00,0.00,,0.20,0.00,0.00,0.00,0.00,0.00,0.00,0.00,0.00,0.00,0.00,0.00
310001,20220125,23,10,310,0.20,0.00,0.00,R,1,0.00,0.00,0.00,0.00,63503.00,59995.00,785.73,0.00,0.00,397.81,394.75,396.89,0.10,0.40,1.39,0.20,0.00,1.00,60,25.20,0.00,0.00,0.00,0.00,,0.00,2,0.00,0.00,0.00,0.00,0.00,0.00,0.00,,0.20,0.00,0.00,0.00,0.00,0.00,0.00,0.00,0.00,0.00,0.00,0.00
310001,20220125,23,06,310,0.20,0.00,0.00,R,1,0.00,0.00,0.00,0.00,63503.00,59995.00,785.68,0.00,0.00,397.73,394.25,396.48,0.10,0.40,1.38,0.20,0.00,1.00,59,25.20,0.00,0.00,0.00,0.00,,0.00,2,0.00,0.00,0.00,0.00,0.00,0.00,0.00,,0.20,0.00,0.00,0.00,0.00,0.00,0.00,0.00,0.00,0.00,0.00,0.00
310001,20220125,23,05,310,0.20,0.00,0.00,R,1,0.00,0.00,0.00,0.00,63503.00,59995.00,785.69,0.00,0.00,398.39,395.17,397.36,0.10,0.41,1.39,0.20,0.00,1.00,59,25.24,0.00,0.00,0.00,0.00,,0.00,2,0.00,0.00,0.00,0.00,0.00,0.00,0.00,,0.20,0.00,0.00,0.00,0.00,0.00,0.00,0.00,0.00,0.00,0.00,0.00
310001,20220125,23,00,310,0.19,0.00,0.00,R,1,0.00,0.00,0.00,0.00,63503.00,59995.00,785.65,0.00,0.00,398.49,394.98,397.23,0.10,0.40,1.38,0.19,0.00,1.00,59,25.30,0.00,0.00,0.00,0.00,,0.00,2,0.00,0.00,0.00,0.00,0.00,0.00,0.00,,0.19,0.00,0.00,0.00,0.00,0.00,0.00,0.00,0.00,0.00,0.00,0.00
310001,20220125,23,04,310,0.20,0.00,0.00,R,1,0.00,0.00,0.00,0.00,63503.00,59995.00,785.67,0.00,0.00,398.15,394.86,397.07,0.10,0.40,1.40,0.20,0.00,1.00,59,25.25,0.00,0.00,0.00,0.00,,0.00,2,0.00,0.00,0.00,0.00,0.00,0.00,0.00,,0.20,0.00,0.00,0.00,0.00,0.00,0.00,0.00,0.00,0.00,0.00,0.00
310001,20220125,23,07,310,0.20,0.00,0.00,R,1,0.00,0.00,0.00,0.00,63503.00,59995.00,785.68,0.00,0.00,397.73,394.43,396.76,0.10,0.40,1.39,0.20,0.00,1.00,59,25.20,0.00,0.00,0.00,0.00,,0.00,2,0.00,0.00,0.00,0.00,0.00,0.00,0.00,,0.20,0.00,0.00,0.00,0.00,0.00,0.00,0.00,0.00,0.00,0.00,0.00
310001,20220125,23,14,310,0.20,0.00,0.00,R,1,0.00,0.00,0.00,0.00,63503.00,59995.00,785.73,0.00,0.00,396.72,393.16,395.67,0.10,0.40,1.40,0.20,0.00,1.00,59,25.13,0.00,0.00,0.00,0.00,,0.00,2,0.00,0.00,0.00,0.00,0.00,0.00,0.00,,0.20,0.00,0.00,0.00,0.00,0.00,0.00,0.00,0.00,0.00,0.00,0.00
310001,20220125,23,08,310,0.20,0.00,0.00,R,1,0.00,0.00,0.00,0.00,63503.00,59995.00,785.68,0.00,0.00,397.68,394.71,396.99,0.10,0.38,1.38,0.20,0.00,1.00,60,25.20,0.00,0.00,0.00,0.00,,0.00,2,0.00,0.00,0.00,0.00,0.00,0.00,0.00,,0.20,0.00,0.00,0.00,0.00,0.00,0.00,0.00,0.00,0.00,0.00,0.00
310001,20220125,23,13,310,0.20,0.00,0.00,R,1,0.00,0.00,0.00,0.00,63503.00,59995.00,785.74,0.00,0.00,397.37,393.76,395.94,0.10,0.40,1.39,0.20,0.00,1.00,59,25.18,0.00,0.00,0.00,0.00,,0.00,2,0.00,0.00,0.00,0.00,0.00,0.00,0.00,,0.20,0.00,0.00,0.00,0.00,0.00,0.00,0.00,0.00,0.00,0.00,0.00
310001,20220125,23,16,310,0.20,0.00,0.00,R,1,0.00,0.00,0.00,0.00,63503.00,59995.00,785.70,0.00,0.00,397.82,394.54,396.38,0.10,0.40,1.36,0.20,0.00,1.00,60,25.10,0.00,0.00,0.00,0.00,,0.00,2,0.00,0.00,0.00,0.00,0.00,0.00,0.00,,0.20,0.00,0.00,0.00,0.00,0.00,0.00,0.00,0.00,0.00,0.00,0.00
310001,20220125,23,18,310,0.20,0.00,0.00,R,1,0.00,0.00,0.00,0.00,63503.00,59995.00,785.70,0.00,0.00,397.53,393.99,396.43,0.10,0.40,1.39,0.20,0.00,1.00,60,25.10,0.00,0.00,0.00,0.00,,0.00,2,0.00,0.00,0.00,0.00,0.00,0.00,0.00,,0.20,0.00,0.00,0.00,0.00,0.00,0.00,0.00,0.00,0.00,0.00,0.00
310001,20220125,23,17,310,0.20,0.00,0.00,R,1,0.00,0.00,0.00,0.00,63503.00,59995.00,785.68,0.00,0.00,397.26,394.08,396.43,0.10,0.40,1.38,0.20,0.00,1.00,60,25.10,0.00,0.00,0.00,0.00,,0.00,2,0.00,0.00,0.00,0.00,0.00,0.00,0.00,,0.20,0.00,0.00,0.00,0.00,0.00,0.00,0.00,0.00,0.00,0.00,0.00
310001,20220125,23,15,310,0.20,0.00,0.00,R,1,0.00,0.00,0.00,0.00,63503.00,59995.00,785.68,0.01,0.00,396.83,393.33,395.65,0.10,0.40,1.38,0.20,0.00,1.00,59,25.12,0.00,0.00,0.00,0.00,,0.00,2,0.00,0.00,0.00,0.00,0.00,0.00,0.00,,0.20,0.00,0.00,0.00,0.00,0.00,0.00,0.00,0.00,0.00,0.00,0.00
310001,20220125,23,19,310,0.20,0.00,0.00,R,1,0.00,0.00,0.00,0.00,63503.00,59995.00,785.69,0.00,0.00,397.72,394.18,396.30,0.10,0.40,1.38,0.20,0.00,1.00,60,25.09,0.00,0.00,0.00,0.00,,0.00,2,0.00,0.00,0.00,0.00,0.00,0.00,0.00,,0.20,0.00,0.00,0.00,0.00,0.00,0.00,0.00,0.00,0.00,0.00,0.00
310001,20220125,23,20,310,0.19,0.00,0.00,R,1,0.00,0.00,0.00,0.00,63503.00,59995.00,785.68,0.00,0.00,397.68,394.26,396.39,0.10,0.40,1.35,0.19,0.00,1.00,59,25.09,0.00,0.00,0.00,0.00,,0.00,2,0.00,0.00,0.00,0.00,0.00,0.00,0.00,,0.19,0.00,0.00,0.00,0.00,0.00,0.00,0.00,0.00,0.00,0.00,0.00
310001,20220327,22,54,310,0.20,0.00,0.00,R,1,0.00,0.00,0.00,0.00,75097.00,70790.00,795.09,0.01,0.00,396.15,392.96,395.38,0.10,0.39,1.41,0.20,0.00,1.00,59,25.00,0.00,0.00,0.00,0.00,,0.00,2,0.00,0.00,0.00,0.00,0.00,0.00,0.00,,0.20,0.00,0.00,0.00,0.00,0.00,0.00,0.00,0.00,0.00,0.00,0.00
310001,20220125,23,32,310,0.19,0.00,0.00,R,1,0.00,0.00,0.00,0.00,63503.00,59995.00,785.72,0.00,0.00,397.83,394.17,397.00,0.10,0.40,1.37,0.19,0.00,1.00,60,24.90,0.00,0.00,0.00,0.00,,0.00,2,0.00,0.00,0.00,0.00,0.00,0.00,0.00,,0.19,0.00,0.00,0.00,0.00,0.00,0.00,0.00,0.00,0.00,0.00,0.00
310001,20220125,23,28,310,0.20,0.00,0.00,R,1,0.00,0.00,0.00,0.00,63503.00,59995.00,785.68,0.00,0.00,396.94,393.48,395.63,0.10,0.39,1.35,0.20,0.00,1.00,59,24.98,0.00,0.00,0.00,0.00,,0.00,2,0.00,0.00,0.00,0.00,0.00,0.00,0.00,,0.20,0.00,0.00,0.00,0.00,0.00,0.00,0.00,0.00,0.00,0.00,0.00
310001,20220225,21,08,310,58.03,0.00,0.00,R,1,0.00,0.00,0.00,1.00,70157.00,66200.00,797.78,75.00,0.00,402.30,398.58,401.17,86.99,85.72,87.86,58.03,0.00,1.00,60,38.86,0.00,0.00,0.00,0.00,,0.00,3,0.00,0.00,0.00,0.00,0.00,0.00,0.00,,58.03,0.00,0.00,0.00,0.00,0.00,0.00,0.00,0.00,0.00,0.00,0.00
310001,20220125,23,31,310,0.20,0.00,0.00,R,1,0.00,0.00,0.00,0.00,63503.00,59995.00,785.73,0.00,0.00,397.76,394.63,396.50,0.10,0.40,1.38,0.20,0.00,1.00,60,24.93,0.00,0.00,0.00,0.00,,0.00,2,0.00,0.00,0.00,0.00,0.00,0.00,0.00,,0.20,0.00,0.00,0.00,0.00,0.00,0.00,0.00,0.00,0.00,0.00,0.00
310001,20220125,23,23,310,0.20,0.00,0.00,R,1,0.00,0.00,0.00,0.00,63503.00,59995.00,785.69,0.00,0.00,397.47,393.83,396.28,0.10,0.41,1.37,0.20,0.00,1.00,59,25.00,0.00,0.00,0.00,0.00,,0.00,2,0.00,0.00,0.00,0.00,0.00,0.00,0.00,,0.20,0.00,0.00,0.00,0.00,0.00,0.00,0.00,0.00,0.00,0.00,0.00
310001,20220125,23,21,310,0.19,0.00,0.00,R,1,0.00,0.00,0.00,0.00,63503.00,59995.00,785.69,0.00,0.00,397.40,394.14,396.26,0.10,0.39,1.37,0.19,0.00,1.00,59,25.08,0.00,0.00,0.00,0.00,,0.00,2,0.00,0.00,0.00,0.00,0.00,0.00,0.00,,0.19,0.00,0.00,0.00,0.00,0.00,0.00,0.00,0.00,0.00,0.00,0.00
310001,20220125,23,40,310,0.20,0.00,0.00,R,1,0.00,0.00,0.00,0.00,63503.00,59995.00,785.79,0.00,0.00,398.57,394.68,397.44,0.10,0.39,1.39,0.20,0.00,1.00,60,24.81,0.00,0.00,0.00,0.00,,0.00,2,0.00,0.00,0.00,0.00,0.00,0.00,0.00,,0.20,0.00,0.00,0.00,0.00,0.00,0.00,0.00,0.00,0.00,0.00,0.00
310001,20220125,23,25,310,0.19,0.00,0.00,R,1,0.00,0.00,0.00,0.00,63503.00,59995.00,785.73,0.00,0.00,397.37,393.93,395.94,0.11,0.40,1.38,0.19,0.00,1.00,59,25.01,0.00,0.00,0.00,0.00,,0.00,2,0.00,0.00,0.00,0.00,0.00,0.00,0.00,,0.19,0.00,0.00,0.00,0.00,0.00,0.00,0.00,0.00,0.00,0.00,0.00
310001,20220125,23,37,310,0.19,0.00,0.00,R,1,0.00,0.00,0.00,0.00,63503.00,59995.00,785.73,0.00,0.00,398.53,395.15,397.28,0.10,0.39,1.37,0.19,0.00,1.00,60,24.83,0.00,0.00,0.00,0.00,,0.00,2,0.00,0.00,0.00,0.00,0.00,0.00,0.00,,0.19,0.00,0.00,0.00,0.00,0.00,0.00,0.00,0.00,0.00,0.00,0.00
310001,20220125,23,27,310,0.20,0.00,0.00,R,1,0.00,0.00,0.00,0.00,63503.00,59995.00,785.68,0.00,0.00,397.41,393.89,396.07,0.10,0.40,1.38,0.20,0.00,1.00,59,25.00,0.00,0.00,0.00,0.00,,0.00,2,0.00,0.00,0.00,0.00,0.00,0.00,0.00,,0.20,0.00,0.00,0.00,0.00,0.00,0.00,0.00,0.00,0.00,0.00,0.00
310001,20220125,23,30,310,0.19,0.00,0.00,R,1,0.00,0.00,0.00,0.00,63503.00,59995.00,785.72,0.00,0.00,397.63,394.13,396.23,0.10,0.40,1.35,0.19,0.00,1.00,60,24.93,0.00,0.00,0.00,0.00,,0.00,2,0.00,0.00,0.00,0.00,0.00,0.00,0.00,,0.19,0.00,0.00,0.00,0.00,0.00,0.00,0.00,0.00,0.00,0.00,0.00
310001,20220125,23,39,310,0.19,0.00,0.00,R,1,0.00,0.00,0.00,0.00,63503.00,59995.00,785.77,0.00,0.00,398.92,394.98,397.30,0.10,0.38,1.37,0.19,0.00,1.00,60,24.83,0.00,0.00,0.00,0.00,,0.00,2,0.00,0.00,0.00,0.00,0.00,0.00,0.00,,0.19,0.00,0.00,0.00,0.00,0.00,0.00,0.00,0.00,0.00,0.00,0.00
310001,20220125,23,22,310,0.18,0.00,0.00,R,1,0.00,0.00,0.00,0.00,63503.00,59995.00,785.67,0.00,0.00,397.73,394.19,396.51,0.10,0.39,1.33,0.18,0.00,1.00,60,25.03,0.00,0.00,0.00,0.00,,0.00,2,0.00,0.00,0.00,0.00,0.00,0.00,0.00,,0.18,0.00,0.00,0.00,0.00,0.00,0.00,0.00,0.00,0.00,0.00,0.00
310001,20220125,23,29,310,0.19,0.00,0.00,R,1,0.00,0.00,0.00,0.00,63503.00,59995.00,785.71,0.00,0.00,397.24,393.85,395.99,0.10,0.38,1.37,0.19,0.00,1.00,60,24.96,0.00,0.00,0.00,0.00,,0.00,2,0.00,0.00,0.00,0.00,0.00,0.00,0.00,,0.19,0.00,0.00,0.00,0.00,0.00,0.00,0.00,0.00,0.00,0.00,0.00
310001,20220125,23,24,310,0.20,0.00,0.00,R,1,0.00,0.00,0.00,0.00,63503.00,59995.00,785.70,0.00,0.00,397.44,393.65,395.97,0.10,0.40,1.38,0.20,0.00,1.00,60,25.01,0.00,0.00,0.00,0.00,,0.00,2,0.00,0.00,0.00,0.00,0.00,0.00,0.00,,0.20,0.00,0.00,0.00,0.00,0.00,0.00,0.00,0.00,0.00,0.00,0.00
310001,20220125,23,26,310,0.19,0.00,0.00,R,1,0.00,0.00,0.00,0.00,63503.00,59995.00,785.68,0.00,0.00,396.78,393.77,396.05,0.10,0.38,1.37,0.19,0.00,1.00,60,25.00,0.00,0.00,0.00,0.00,,0.00,2,0.00,0.00,0.00,0.00,0.00,0.00,0.00,,0.19,0.00,0.00,0.00,0.00,0.00,0.00,0.00,0.00,0.00,0.00,0.00
310001,20220125,23,38,310,0.20,0.00,0.00,R,1,0.00,0.00,0.00,0.00,63503.00,59995.00,785.76,0.00,0.00,398.29,394.64,397.20,0.10,0.40,1.35,0.20,0.00,1.00,60,24.83,0.00,0.00,0.00,0.00,,0.00,2,0.00,0.00,0.00,0.00,0.00,0.00,0.00,,0.20,0.00,0.00,0.00,0.00,0.00,0.00,0.00,0.00,0.00,0.00,0.00
310001,20220125,23,42,310,0.19,0.00,0.00,R,1,0.00,0.00,0.00,0.00,63503.00,59995.00,785.76,0.00,0.00,398.43,394.96,397.50,0.10,0.38,1.36,0.19,0.00,1.00,60,24.80,0.00,0.00,0.00,0.00,,0.00,2,0.00,0.00,0.00,0.00,0.00,0.00,0.00,,0.19,0.00,0.00,0.00,0.00,0.00,0.00,0.00,0.00,0.00,0.00,0.00
310001,20220125,23,35,310,0.20,0.00,0.00,R,1,0.00,0.00,0.00,0.00,63503.00,59995.00,785.73,0.00,0.00,399.21,396.01,398.40,0.10,0.40,1.36,0.20,0.00,1.00,60,24.90,0.00,0.00,0.00,0.00,,0.00,2,0.00,0.00,0.00,0.00,0.00,0.00,0.00,,0.20,0.00,0.00,0.00,0.00,0.00,0.00,0.00,0.00,0.00,0.00,0.00
310001,20220125,23,34,310,0.20,0.00,0.00,R,1,0.00,0.00,0.00,0.00,63503.00,59995.00,785.72,0.00,0.00,399.92,396.48,398.23,0.10,0.38,1.35,0.20,0.00,1.00,60,24.90,0.00,0.00,0.00,0.00,,0.00,2,0.00,0.00,0.00,0.00,0.00,0.00,0.00,,0.20,0.00,0.00,0.00,0.00,0.00,0.00,0.00,0.00,0.00,0.00,0.00
310001,20220125,23,33,310,0.19,0.00,0.00,R,1,0.00,0.00,0.00,0.00,63503.00,59995.00,785.70,0.01,0.00,398.78,394.40,397.18,0.10,0.38,1.38,0.19,0.00,1.00,60,24.90,0.00,0.00,0.00,0.00,,0.00,2,0.00,0.00,0.00,0.00,0.00,0.00,0.00,,0.19,0.00,0.00,0.00,0.00,0.00,0.00,0.00,0.00,0.00,0.00,0.00
310001,20220125,23,36,310,0.19,0.00,0.00,R,1,0.00,0.00,0.00,0.00,63503.00,59995.00,785.73,0.00,0.00,398.74,395.49,397.88,0.10,0.39,1.38,0.19,0.00,1.00,60,24.88,0.00,0.00,0.00,0.00,,0.00,2,0.00,0.00,0.00,0.00,0.00,0.00,0.00,,0.19,0.00,0.00,0.00,0.00,0.00,0.00,0.00,0.00,0.00,0.00,0.00
310001,20220125,23,41,310,0.20,0.00,0.00,R,1,0.00,0.00,0.00,0.00,63503.00,59995.00,785.74,0.00,0.00,398.55,395.50,397.48,0.10,0.39,1.34,0.20,0.00,1.00,60,24.80,0.00,0.00,0.00,0.00,,0.00,2,0.00,0.00,0.00,0.00,0.00,0.00,0.00,,0.20,0.00,0.00,0.00,0.00,0.00,0.00,0.00,0.00,0.00,0.00,0.00
310001,20220125,23,44,310,0.19,0.00,0.00,R,1,0.00,0.00,0.00,0.00,63503.00,59995.00,785.83,0.00,0.00,398.51,395.27,397.52,0.10,0.39,1.38,0.19,0.00,1.00,60,24.78,0.00,0.00,0.00,0.00,,0.00,2,0.00,0.00,0.00,0.00,0.00,0.00,0.00,,0.19,0.00,0.00,0.00,0.00,0.00,0.00,0.00,0.00,0.00,0.00,0.00
310001,20220125,23,46,310,0.20,0.00,0.00,R,1,0.00,0.00,0.00,0.00,63503.00,59995.00,785.81,0.00,0.00,399.29,395.50,397.68,0.10,0.39,1.37,0.20,0.00,1.00,60,24.73,0.00,0.00,0.00,0.00,,0.00,2,0.00,0.00,0.00,0.00,0.00,0.00,0.00,,0.20,0.00,0.00,0.00,0.00,0.00,0.00,0.00,0.00,0.00,0.00,0.00
310001,20220125,23,45,310,0.20,0.00,0.00,R,1,0.00,0.00,0.00,0.00,63503.00,59995.00,785.82,0.00,0.00,399.03,395.33,397.68,0.10,0.40,1.39,0.20,0.00,1.00,60,24.75,0.00,0.00,0.00,0.00,,0.00,2,0.00,0.00,0.00,0.00,0.00,0.00,0.00,,0.20,0.00,0.00,0.00,0.00,0.00,0.00,0.00,0.00,0.00,0.00,0.00
310001,20220125,23,43,310,0.19,0.00,0.00,R,1,0.00,0.00,0.00,0.00,63503.00,59995.00,785.76,0.01,0.00,398.33,395.26,397.58,0.10,0.38,1.34,0.19,0.00,1.00,60,24.80,0.00,0.00,0.00,0.00,,0.00,2,0.00,0.00,0.00,0.00,0.00,0.00,0.00,,0.19,0.00,0.00,0.00,0.00,0.00,0.00,0.00,0.00,0.00,0.00,0.00
310001,20220125,23,47,310,0.20,0.00,0.00,R,1,0.00,0.00,0.00,0.00,63503.00,59995.00,785.78,0.01,0.00,399.39,395.49,398.12,0.10,0.37,1.35,0.20,0.00,1.00,60,24.70,0.00,0.00,0.00,0.00,,0.00,2,0.00,0.00,0.00,0.00,0.00,0.00,0.00,,0.20,0.00,0.00,0.00,0.00,0.00,0.00,0.00,0.00,0.00,0.00,0.00
310001,20220125,23,48,310,0.20,0.00,0.00,R,1,0.00,0.00,0.00,0.00,63503.00,59995.00,785.85,0.00,0.00,399.23,395.78,398.04,0.10,0.40,1.38,0.20,0.00,1.00,59,24.70,0.00,0.00,0.00,0.00,,0.00,2,0.00,0.00,0.00,0.00,0.00,0.00,0.00,,0.20,0.00,0.00,0.00,0.00,0.00,0.00,0.00,0.00,0.00,0.00,0.00
310001,20220315,09,55,310,0.28,0.00,0.00,R,1,0.00,0.00,0.00,0.00,73365.00,69191.00,799.77,0.00,0.00,401.59,400.69,400.38,0.18,0.40,1.70,0.28,0.00,1.00,60,24.32,0.00,0.00,0.00,0.00,,0.00,2,0.00,0.00,0.00,0.00,0.00,0.00,0.00,,0.28,0.00,0.00,0.00,0.00,0.00,0.00,0.00,0.00,0.00,0.00,0.00
310001,20220126,02,03,310,0.18,0.00,0.00,R,1,0.00,0.00,0.00,0.00,63504.00,59995.00,786.31,0.03,0.00,403.29,399.81,401.81,0.10,0.32,1.29,0.18,0.00,1.00,59,23.00,0.00,0.00,0.00,0.00,,0.00,2,0.00,0.00,0.00,0.00,0.00,0.00,0.00,,0.18,0.00,0.00,0.00,0.00,0.00,0.00,0.00,0.00,0.00,0.00,0.00
310001,20220126,00,00,310,0.20,0.00,0.00,R,1,0.00,0.00,0.00,0.00,63503.00,59995.00,785.87,0.00,0.00,400.41,397.13,399.43,0.10,0.40,1.40,0.20,0.00,1.00,59,24.60,0.00,0.00,0.00,0.00,,0.00,2,0.00,0.00,0.00,0.00,0.00,0.00,0.00,,0.20,0.00,0.00,0.00,0.00,0.00,0.00,0.00,0.00,0.00,0.00,0.00
310001,20220125,23,56,310,0.20,0.00,0.00,R,1,0.00,0.00,0.00,0.00,63503.00,59995.00,785.87,0.00,0.00,399.70,396.40,398.60,0.10,0.40,1.39,0.20,0.00,1.00,59,24.62,0.00,0.00,0.00,0.00,,0.00,2,0.00,0.00,0.00,0.00,0.00,0.00,0.00,,0.20,0.00,0.00,0.00,0.00,0.00,0.00,0.00,0.00,0.00,0.00,0.00
310001,20220125,23,51,310,0.20,0.00,0.00,R,1,0.00,0.00,0.00,0.00,63503.00,59995.00,785.87,0.00,0.00,400.13,397.08,399.06,0.10,0.40,1.39,0.20,0.00,1.00,60,24.70,0.00,0.00,0.00,0.00,,0.00,2,0.00,0.00,0.00,0.00,0.00,0.00,0.00,,0.20,0.00,0.00,0.00,0.00,0.00,0.00,0.00,0.00,0.00,0.00,0.00
310001,20220125,23,49,310,0.20,0.00,0.00,R,1,0.00,0.00,0.00,0.00,63503.00,59995.00,785.84,0.00,0.00,399.33,395.88,398.43,0.10,0.38,1.37,0.20,0.00,1.00,59,24.70,0.00,0.00,0.00,0.00,,0.00,2,0.00,0.00,0.00,0.00,0.00,0.00,0.00,,0.20,0.00,0.00,0.00,0.00,0.00,0.00,0.00,0.00,0.00,0.00,0.00
310001,20220125,23,53,310,0.20,0.00,0.00,R,1,0.00,0.00,0.00,0.00,63503.00,59995.00,785.88,0.00,0.00,399.58,396.38,399.09,0.10,0.40,1.40,0.20,0.00,1.00,60,24.68,0.00,0.00,0.00,0.00,,0.00,2,0.00,0.00,0.00,0.00,0.00,0.00,0.00,,0.20,0.00,0.00,0.00,0.00,0.00,0.00,0.00,0.00,0.00,0.00,0.00
310001,20220125,23,59,310,0.20,0.00,0.00,R,1,0.00,0.00,0.00,0.00,63503.00,59995.00,785.88,0.00,0.00,400.75,397.67,400.02,0.10,0.40,1.40,0.20,0.00,1.00,60,24.60,0.00,0.00,0.00,0.00,,0.00,2,0.00,0.00,0.00,0.00,0.00,0.00,0.00,,0.20,0.00,0.00,0.00,0.00,0.00,0.00,0.00,0.00,0.00,0.00,0.00
310001,20220125,23,55,310,0.20,0.00,0.00,R,1,0.00,0.00,0.00,0.00,63503.00,59995.00,785.86,0.00,0.00,399.55,396.17,398.43,0.10,0.40,1.40,0.20,0.00,1.00,59,24.63,0.00,0.00,0.00,0.00,,0.00,2,0.00,0.00,0.00,0.00,0.00,0.00,0.00,,0.20,0.00,0.00,0.00,0.00,0.00,0.00,0.00,0.00,0.00,0.00,0.00
310001,20220126,02,06,310,0.19,0.00,0.00,R,1,0.00,0.00,0.00,0.00,63504.00,59995.00,786.33,0.04,0.00,403.03,399.68,401.57,0.10,0.30,1.31,0.19,0.00,1.00,60,22.98,0.00,0.00,0.00,0.00,,0.00,2,0.00,0.00,0.00,0.00,0.00,0.00,0.00,,0.19,0.00,0.00,0.00,0.00,0.00,0.00,0.00,0.00,0.00,0.00,0.00
310001,20220125,23,58,310,0.20,0.00,0.00,R,1,0.00,0.00,0.00,0.00,63503.00,59995.00,785.88,0.00,0.00,400.28,396.99,399.39,0.10,0.39,1.39,0.20,0.00,1.00,59,24.60,0.00,0.00,0.00,0.00,,0.00,2,0.00,0.00,0.00,0.00,0.00,0.00,0.00,,0.20,0.00,0.00,0.00,0.00,0.00,0.00,0.00,0.00,0.00,0.00,0.00
310001,20220125,23,50,310,0.20,0.00,0.00,R,1,0.00,0.00,0.00,0.00,63503.00,59995.00,785.83,0.02,0.00,399.60,396.51,398.80,0.10,0.38,1.36,0.20,0.00,1.00,60,24.70,0.00,0.00,0.00,0.00,,0.00,2,0.00,0.00,0.00,0.00,0.00,0.00,0.00,,0.20,0.00,0.00,0.00,0.00,0.00,0.00,0.00,0.00,0.00,0.00,0.00
310001,20220125,23,52,310,0.20,0.00,0.00,R,1,0.00,0.00,0.00,0.00,63503.00,59995.00,785.86,0.00,0.00,399.98,396.70,398.89,0.10,0.40,1.39,0.20,0.00,1.00,59,24.69,0.00,0.00,0.00,0.00,,0.00,2,0.00,0.00,0.00,0.00,0.00,0.00,0.00,,0.20,0.00,0.00,0.00,0.00,0.00,0.00,0.00,0.00,0.00,0.00,0.00
310001,20220126,02,13,310,0.18,0.00,0.00,R,1,0.00,0.00,0.00,0.00,63504.00,59995.00,786.37,0.03,0.00,402.90,399.53,401.40,0.10,0.32,1.29,0.18,0.00,1.00,59,22.86,0.00,0.00,0.00,0.00,,0.00,2,0.00,0.00,0.00,0.00,0.00,0.00,0.00,,0.18,0.00,0.00,0.00,0.00,0.00,0.00,0.00,0.00,0.00,0.00,0.00
310001,20220126,02,10,310,0.18,0.00,0.00,R,1,0.00,0.00,0.00,0.00,63504.00,59995.00,786.33,0.07,0.00,402.77,399.36,401.24,0.10,0.30,1.28,0.18,0.00,1.00,59,22.90,0.00,0.00,0.00,0.00,,0.00,2,0.00,0.00,0.00,0.00,0.00,0.00,0.00,,0.18,0.00,0.00,0.00,0.00,0.00,0.00,0.00,0.00,0.00,0.00,0.00
310001,20220125,23,57,310,0.20,0.00,0.00,R,1,0.00,0.00,0.00,0.00,63503.00,59995.00,785.88,0.00,0.00,400.33,396.98,399.33,0.10,0.40,1.40,0.20,0.00,1.00,60,24.62,0.00,0.00,0.00,0.00,,0.00,2,0.00,0.00,0.00,0.00,0.00,0.00,0.00,,0.20,0.00,0.00,0.00,0.00,0.00,0.00,0.00,0.00,0.00,0.00,0.00
310001,20220125,23,54,310,0.20,0.00,0.00,R,1,0.00,0.00,0.00,0.00,63503.00,59995.00,785.91,0.00,0.00,399.40,396.01,398.59,0.13,0.43,1.40,0.20,0.00,1.00,60,24.62,0.00,0.00,0.00,0.00,,0.00,2,0.00,0.00,0.00,0.00,0.00,0.00,0.00,,0.20,0.00,0.00,0.00,0.00,0.00,0.00,0.00,0.00,0.00,0.00,0.00
310001,20220126,02,07,310,0.18,0.00,0.00,R,1,0.00,0.00,0.00,0.00,63504.00,59995.00,786.33,0.06,0.00,402.88,399.48,401.46,0.10,0.33,1.30,0.18,0.00,1.00,59,22.97,0.00,0.00,0.00,0.00,,0.00,2,0.00,0.00,0.00,0.00,0.00,0.00,0.00,,0.18,0.00,0.00,0.00,0.00,0.00,0.00,0.00,0.00,0.00,0.00,0.00
310001,20220126,02,09,310,0.16,0.00,0.00,R,1,0.00,0.00,0.00,0.00,63504.00,59995.00,786.31,0.07,0.00,402.79,399.44,401.33,0.10,0.30,1.30,0.16,0.00,1.00,59,22.92,0.00,0.00,0.00,0.00,,0.00,2,0.00,0.00,0.00,0.00,0.00,0.00,0.00,,0.16,0.00,0.00,0.00,0.00,0.00,0.00,0.00,0.00,0.00,0.00,0.00
310001,20220126,02,08,310,0.17,0.00,0.00,R,1,0.00,0.00,0.00,0.00,63504.00,59995.00,786.30,0.10,0.00,402.98,399.59,401.52,0.10,0.30,1.27,0.17,0.00,1.00,59,22.93,0.00,0.00,0.00,0.00,,0.00,2,0.00,0.00,0.00,0.00,0.00,0.00,0.00,,0.17,0.00,0.00,0.00,0.00,0.00,0.00,0.00,0.00,0.00,0.00,0.00
310001,20220126,02,04,310,0.18,0.00,0.00,R,1,0.00,0.00,0.00,0.00,63504.00,59995.00,786.28,0.04,0.00,403.15,399.67,401.73,0.10,0.31,1.31,0.18,0.00,1.00,59,23.00,0.00,0.00,0.00,0.00,,0.00,2,0.00,0.00,0.00,0.00,0.00,0.00,0.00,,0.18,0.00,0.00,0.00,0.00,0.00,0.00,0.00,0.00,0.00,0.00,0.00
310001,20220126,02,05,310,0.17,0.00,0.00,R,1,0.00,0.00,0.00,0.00,63504.00,59995.00,786.31,0.03,0.00,403.38,399.72,401.91,0.10,0.33,1.31,0.17,0.00,1.00,59,22.99,0.00,0.00,0.00,0.00,,0.00,2,0.00,0.00,0.00,0.00,0.00,0.00,0.00,,0.17,0.00,0.00,0.00,0.00,0.00,0.00,0.00,0.00,0.00,0.00,0.00
310001,20220126,02,12,310,0.20,0.00,0.00,R,1,0.00,0.00,0.00,0.00,63504.00,59995.00,786.38,0.02,0.00,402.55,399.17,401.23,0.10,0.32,1.31,0.20,0.00,1.00,60,22.86,0.00,0.00,0.00,0.00,,0.00,2,0.00,0.00,0.00,0.00,0.00,0.00,0.00,,0.20,0.00,0.00,0.00,0.00,0.00,0.00,0.00,0.00,0.00,0.00,0.00
310001,20220126,02,11,310,0.19,0.00,0.00,R,1,0.00,0.00,0.00,0.00,63504.00,59995.00,786.37,0.03,0.00,402.82,399.43,401.40,0.10,0.34,1.30,0.19,0.00,1.00,59,22.90,0.00,0.00,0.00,0.00,,0.00,2,0.00,0.00,0.00,0.00,0.00,0.00,0.00,,0.19,0.00,0.00,0.00,0.00,0.00,0.00,0.00,0.00,0.00,0.00,0.00
310001,20220126,02,15,310,0.18,0.00,0.00,R,1,0.00,0.00,0.00,0.00,63504.00,59995.00,786.40,0.04,0.00,402.90,399.27,401.41,0.10,0.30,1.30,0.18,0.00,1.00,59,22.80,0.00,0.00,0.00,0.00,,0.00,2,0.00,0.00,0.00,0.00,0.00,0.00,0.00,,0.18,0.00,0.00,0.00,0.00,0.00,0.00,0.00,0.00,0.00,0.00,0.00
310001,20220126,02,14,310,0.20,0.00,0.00,R,1,0.00,0.00,0.00,0.00,63504.00,59995.00,786.38,0.03,0.00,402.93,399.43,401.26,0.10,0.33,1.31,0.20,0.00,1.00,59,22.82,0.00,0.00,0.00,0.00,,0.00,2,0.00,0.00,0.00,0.00,0.00,0.00,0.00,,0.20,0.00,0.00,0.00,0.00,0.00,0.00,0.00,0.00,0.00,0.00,0.00
310001,20220126,02,16,310,0.17,0.00,0.00,R,1,0.00,0.00,0.00,0.00,63504.00,59995.00,786.40,0.03,0.00,403.06,399.99,401.66,0.10,0.30,1.29,0.17,0.00,1.00,60,22.82,0.00,0.00,0.00,0.00,,0.00,2,0.00,0.00,0.00,0.00,0.00,0.00,0.00,,0.17,0.00,0.00,0.00,0.00,0.00,0.00,0.00,0.00,0.00,0.00,0.00
310001,20220126,02,17,310,0.15,0.00,0.00,R,1,0.00,0.00,0.00,0.00,63504.00,59995.00,786.35,0.09,0.00,402.62,399.74,401.25,0.10,0.30,1.29,0.15,0.00,1.00,60,22.80,0.00,0.00,0.00,0.00,,0.00,2,0.00,0.00,0.00,0.00,0.00,0.00,0.00,,0.15,0.00,0.00,0.00,0.00,0.00,0.00,0.00,0.00,0.00,0.00,0.00
310001,20220126,02,18,310,0.17,0.00,0.00,R,1,0.00,0.00,0.00,0.00,63504.00,59995.00,786.39,0.03,0.00,403.37,399.88,401.76,0.10,0.30,1.29,0.17,0.00,1.00,60,22.80,0.00,0.00,0.00,0.00,,0.00,2,0.00,0.00,0.00,0.00,0.00,0.00,0.00,,0.17,0.00,0.00,0.00,0.00,0.00,0.00,0.00,0.00,0.00,0.00,0.00
310001,20220205,11,53,310,-69.39,0.00,0.00,R,1,0.00,0.00,1.00,0.00,65722.00,61967.00,842.43,79.69,0.00,407.19,404.72,406.73,98.97,99.74,97.30,-69.39,0.00,1.00,60,42.11,0.00,0.00,0.00,0.00,,0.00,3,0.00,0.00,0.00,0.00,0.00,0.00,0.00,,-69.39,0.00,0.00,0.00,0.00,0.00,0.00,0.00,0.00,0.00,0.00,0.00
310001,20211228,16,00,310,0.22,0.00,0.00,R,1,0.00,0.00,0.00,0.00,58516.00,55160.00,833.05,0.00,0.00,397.04,394.01,396.00,0.12,0.40,1.55,0.22,0.00,1.00,59,21.13,0.00,0.00,0.00,0.00,,0.00,2,0.00,0.00,0.00,0.00,0.00,0.00,0.00,,0.22,0.00,0.00,0.00,0.00,0.00,0.00,0.00,0.00,0.00,0.00,0.00
310001,20220126,00,27,310,0.20,0.00,0.00,R,1,0.00,0.00,0.00,0.00,63503.00,59995.00,785.92,0.00,0.00,402.92,400.18,402.47,0.10,0.40,1.38,0.20,0.00,1.00,60,24.30,0.00,0.00,0.00,0.00,,0.00,2,0.00,0.00,0.00,0.00,0.00,0.00,0.00,,0.20,0.00,0.00,0.00,0.00,0.00,0.00,0.00,0.00,0.00,0.00,0.00
310001,20220126,00,17,310,0.20,0.00,0.00,R,1,0.00,0.00,0.00,0.00,63503.00,59995.00,785.84,0.00,0.00,402.44,399.68,401.92,0.10,0.40,1.39,0.20,0.00,1.00,60,24.42,0.00,0.00,0.00,0.00,,0.00,2,0.00,0.00,0.00,0.00,0.00,0.00,0.00,,0.20,0.00,0.00,0.00,0.00,0.00,0.00,0.00,0.00,0.00,0.00,0.00
310001,20220126,00,20,310,0.20,0.00,0.00,R,1,0.00,0.00,0.00,0.00,63503.00,59995.00,785.83,0.00,0.00,403.41,400.03,401.90,0.10,0.39,1.38,0.20,0.00,1.00,60,24.40,0.00,0.00,0.00,0.00,,0.00,2,0.00,0.00,0.00,0.00,0.00,0.00,0.00,,0.20,0.00,0.00,0.00,0.00,0.00,0.00,0.00,0.00,0.00,0.00,0.00
310001,20220126,00,29,310,0.20,0.00,0.00,R,1,0.00,0.00,0.00,0.00,63503.00,59995.00,785.93,0.00,0.00,403.22,400.18,402.38,0.10,0.40,1.35,0.20,0.00,1.00,60,24.28,0.00,0.00,0.00,0.00,,0.00,2,0.00,0.00,0.00,0.00,0.00,0.00,0.00,,0.20,0.00,0.00,0.00,0.00,0.00,0.00,0.00,0.00,0.00,0.00,0.00
310001,20220126,00,14,310,0.18,0.00,0.00,R,1,0.00,0.00,0.00,0.00,63503.00,59995.00,785.80,0.01,0.00,402.72,399.12,401.23,0.10,0.38,1.36,0.18,0.00,1.00,60,24.50,0.00,0.00,0.00,0.00,,0.00,2,0.00,0.00,0.00,0.00,0.00,0.00,0.00,,0.18,0.00,0.00,0.00,0.00,0.00,0.00,0.00,0.00,0.00,0.00,0.00
310001,20220126,00,12,310,0.18,0.00,0.00,R,1,0.00,0.00,0.00,0.00,63503.00,59995.00,785.78,0.02,0.00,402.18,398.78,400.57,0.10,0.33,1.31,0.18,0.00,1.00,60,24.50,0.00,0.00,0.00,0.00,,0.00,2,0.00,0.00,0.00,0.00,0.00,0.00,0.00,,0.18,0.00,0.00,0.00,0.00,0.00,0.00,0.00,0.00,0.00,0.00,0.00
310001,20220126,00,19,310,0.19,0.00,0.00,R,1,0.00,0.00,0.00,0.00,63503.00,59995.00,785.78,0.00,0.00,402.89,400.21,402.35,0.10,0.36,1.33,0.19,0.00,1.00,60,24.40,0.00,0.00,0.00,0.00,,0.00,2,0.00,0.00,0.00,0.00,0.00,0.00,0.00,,0.19,0.00,0.00,0.00,0.00,0.00,0.00,0.00,0.00,0.00,0.00,0.00
310001,20220126,00,16,310,0.20,0.00,0.00,R,1,0.00,0.00,0.00,0.00,63503.00,59995.00,785.83,0.00,0.00,402.32,399.48,401.38,0.10,0.38,1.38,0.20,0.00,1.00,60,24.48,0.00,0.00,0.00,0.00,,0.00,2,0.00,0.00,0.00,0.00,0.00,0.00,0.00,,0.20,0.00,0.00,0.00,0.00,0.00,0.00,0.00,0.00,0.00,0.00,0.00
310001,20220126,00,28,310,0.20,0.00,0.00,R,1,0.00,0.00,0.00,0.00,63503.00,59995.00,785.94,0.00,0.00,403.31,399.93,402.41,0.10,0.40,1.37,0.20,0.00,1.00,60,24.30,0.00,0.00,0.00,0.00,,0.00,2,0.00,0.00,0.00,0.00,0.00,0.00,0.00,,0.20,0.00,0.00,0.00,0.00,0.00,0.00,0.00,0.00,0.00,0.00,0.00
310001,20220126,00,24,310,0.18,0.00,0.00,R,1,0.00,0.00,0.00,0.00,63503.00,59995.00,785.84,0.00,0.00,403.58,400.65,402.78,0.10,0.39,1.33,0.18,0.00,1.00,60,24.34,0.00,0.00,0.00,0.00,,0.00,2,0.00,0.00,0.00,0.00,0.00,0.00,0.00,,0.18,0.00,0.00,0.00,0.00,0.00,0.00,0.00,0.00,0.00,0.00,0.00
310001,20220126,00,18,310,0.20,0.00,0.00,R,1,0.00,0.00,0.00,0.00,63503.00,59995.00,785.84,0.00,0.00,403.03,399.88,402.45,0.10,0.39,1.38,0.20,0.00,1.00,60,24.42,0.00,0.00,0.00,0.00,,0.00,2,0.00,0.00,0.00,0.00,0.00,0.00,0.00,,0.20,0.00,0.00,0.00,0.00,0.00,0.00,0.00,0.00,0.00,0.00,0.00
310001,20220126,00,13,310,0.20,0.00,0.00,R,1,0.00,0.00,0.00,0.00,63503.00,59995.00,785.83,0.00,0.00,401.76,398.62,400.72,0.10,0.40,1.35,0.20,0.00,1.00,60,24.50,0.00,0.00,0.00,0.00,,0.00,2,0.00,0.00,0.00,0.00,0.00,0.00,0.00,,0.20,0.00,0.00,0.00,0.00,0.00,0.00,0.00,0.00,0.00,0.00,0.00
310001,20220126,00,23,310,0.20,0.00,0.00,R,1,0.00,0.00,0.00,0.00,63503.00,59995.00,785.88,0.00,0.00,403.24,399.91,402.43,0.10,0.38,1.38,0.20,0.00,1.00,60,24.38,0.00,0.00,0.00,0.00,,0.00,2,0.00,0.00,0.00,0.00,0.00,0.00,0.00,,0.20,0.00,0.00,0.00,0.00,0.00,0.00,0.00,0.00,0.00,0.00,0.00
310001,20220126,00,22,310,0.20,0.00,0.00,R,1,0.00,0.00,0.00,0.00,63503.00,59995.00,785.87,0.00,0.00,403.47,399.58,402.60,0.10,0.40,1.38,0.20,0.00,1.00,60,24.39,0.00,0.00,0.00,0.00,,0.00,2,0.00,0.00,0.00,0.00,0.00,0.00,0.00,,0.20,0.00,0.00,0.00,0.00,0.00,0.00,0.00,0.00,0.00,0.00,0.00
310001,20220126,00,15,310,0.20,0.00,0.00,R,1,0.00,0.00,0.00,0.00,63503.00,59995.00,785.80,0.00,0.00,402.18,399.26,401.31,0.10,0.38,1.35,0.20,0.00,1.00,60,24.49,0.00,0.00,0.00,0.00,,0.00,2,0.00,0.00,0.00,0.00,0.00,0.00,0.00,,0.20,0.00,0.00,0.00,0.00,0.00,0.00,0.00,0.00,0.00,0.00,0.00
310001,20220126,00,21,310,0.20,0.00,0.00,R,1,0.00,0.00,0.00,0.00,63503.00,59995.00,785.82,0.00,0.00,403.92,400.25,402.17,0.10,0.38,1.36,0.20,0.00,1.00,60,24.40,0.00,0.00,0.00,0.00,,0.00,2,0.00,0.00,0.00,0.00,0.00,0.00,0.00,,0.20,0.00,0.00,0.00,0.00,0.00,0.00,0.00,0.00,0.00,0.00,0.00
310001,20220126,00,25,310,0.19,0.00,0.00,R,1,0.00,0.00,0.00,0.00,63503.00,59995.00,785.90,0.00,0.00,403.53,400.78,402.80,0.10,0.39,1.38,0.19,0.00,1.00,60,24.32,0.00,0.00,0.00,0.00,,0.00,2,0.00,0.00,0.00,0.00,0.00,0.00,0.00,,0.19,0.00,0.00,0.00,0.00,0.00,0.00,0.00,0.00,0.00,0.00,0.00
310001,20220126,00,26,310,0.19,0.00,0.00,R,1,0.00,0.00,0.00,0.00,63503.00,59995.00,785.92,0.00,0.00,403.43,400.32,402.58,0.10,0.40,1.38,0.19,0.00,1.00,60,24.31,0.00,0.00,0.00,0.00,,0.00,2,0.00,0.00,0.00,0.00,0.00,0.00,0.00,,0.19,0.00,0.00,0.00,0.00,0.00,0.00,0.00,0.00,0.00,0.00,0.00
310001,20220126,00,31,310,0.19,0.00,0.00,R,1,0.00,0.00,0.00,0.00,63503.00,59995.00,785.93,0.00,0.00,403.51,400.19,402.30,0.10,0.37,1.33,0.19,0.00,1.00,60,24.25,0.00,0.00,0.00,0.00,,0.00,2,0.00,0.00,0.00,0.00,0.00,0.00,0.00,,0.19,0.00,0.00,0.00,0.00,0.00,0.00,0.00,0.00,0.00,0.00,0.00
310001,20220126,00,33,310,0.20,0.00,0.00,R,1,0.00,0.00,0.00,0.00,63503.00,59995.00,785.96,0.00,0.00,402.93,399.35,401.95,0.10,0.40,1.38,0.20,0.00,1.00,60,24.21,0.00,0.00,0.00,0.00,,0.00,2,0.00,0.00,0.00,0.00,0.00,0.00,0.00,,0.20,0.00,0.00,0.00,0.00,0.00,0.00,0.00,0.00,0.00,0.00,0.00
310001,20220126,00,32,310,0.20,0.00,0.00,R,1,0.00,0.00,0.00,0.00,63503.00,59995.00,785.94,0.00,0.00,403.69,399.72,402.53,0.10,0.39,1.37,0.20,0.00,1.00,60,24.21,0.00,0.00,0.00,0.00,,0.00,2,0.00,0.00,0.00,0.00,0.00,0.00,0.00,,0.20,0.00,0.00,0.00,0.00,0.00,0.00,0.00,0.00,0.00,0.00,0.00
310001,20220126,00,30,310,0.19,0.00,0.00,R,1,0.00,0.00,0.00,0.00,63503.00,59995.00,785.96,0.00,0.00,403.78,399.74,402.66,0.10,0.40,1.38,0.19,0.00,1.00,60,24.26,0.00,0.00,0.00,0.00,,0.00,2,0.00,0.00,0.00,0.00,0.00,0.00,0.00,,0.19,0.00,0.00,0.00,0.00,0.00,0.00,0.00,0.00,0.00,0.00,0.00
310001,20220126,00,35,310,0.20,0.00,0.00,R,1,0.00,0.00,0.00,0.00,63503.00,59995.00,785.94,0.00,0.00,402.96,399.74,402.02,0.10,0.38,1.32,0.20,0.00,1.00,59,24.19,0.00,0.00,0.00,0.00,,0.00,2,0.00,0.00,0.00,0.00,0.00,0.00,0.00,,0.20,0.00,0.00,0.00,0.00,0.00,0.00,0.00,0.00,0.00,0.00,0.00
310001,20220126,00,34,310,0.20,0.00,0.00,R,1,0.00,0.00,0.00,0.00,63503.00,59995.00,785.98,0.00,0.00,402.77,399.83,402.06,0.10,0.40,1.38,0.20,0.00,1.00,60,24.20,0.00,0.00,0.00,0.00,,0.00,2,0.00,0.00,0.00,0.00,0.00,0.00,0.00,,0.20,0.00,0.00,0.00,0.00,0.00,0.00,0.00,0.00,0.00,0.00,0.00
310001,20220126,00,36,310,0.20,0.00,0.00,R,1,0.00,0.00,0.00,0.00,63503.00,59995.00,785.98,0.00,0.00,403.83,400.59,402.81,0.10,0.40,1.35,0.20,0.00,1.00,59,24.20,0.00,0.00,0.00,0.00,,0.00,2,0.00,0.00,0.00,0.00,0.00,0.00,0.00,,0.20,0.00,0.00,0.00,0.00,0.00,0.00,0.00,0.00,0.00,0.00,0.00
310001,20220126,00,37,310,0.18,0.00,0.00,R,1,0.00,0.00,0.00,0.00,63503.00,59995.00,785.98,0.00,0.00,403.28,400.28,402.63,0.10,0.38,1.32,0.18,0.00,1.00,59,24.17,0.00,0.00,0.00,0.00,,0.00,2,0.00,0.00,0.00,0.00,0.00,0.00,0.00,,0.18,0.00,0.00,0.00,0.00,0.00,0.00,0.00,0.00,0.00,0.00,0.00
310001,20220126,00,38,310,0.20,0.00,0.00,R,1,0.00,0.00,0.00,0.00,63503.00,59995.00,785.99,0.00,0.00,403.50,400.47,402.60,0.10,0.40,1.33,0.20,0.00,1.00,60,24.13,0.00,0.00,0.00,0.00,,0.00,2,0.00,0.00,0.00,0.00,0.00,0.00,0.00,,0.20,0.00,0.00,0.00,0.00,0.00,0.00,0.00,0.00,0.00,0.00,0.00
310001,20220126,00,56,310,0.20,0.00,0.00,R,1,0.00,0.00,1.00,0.00,63504.00,59995.00,786.05,0.00,0.00,403.67,400.53,402.60,0.10,0.38,1.34,0.20,0.00,1.00,59,23.90,0.00,0.00,0.00,0.00,,0.00,2,0.00,0.00,0.00,0.00,0.00,0.00,0.00,,0.20,0.00,0.00,0.00,0.00,0.00,0.00,0.00,0.00,0.00,0.00,0.00
310001,20220126,00,46,310,0.19,0.00,0.00,R,1,0.00,0.00,0.00,0.00,63503.00,59995.00,786.05,0.00,0.00,403.15,399.82,401.96,0.10,0.38,1.33,0.19,0.00,1.00,59,24.06,0.00,0.00,0.00,0.00,,0.00,2,0.00,0.00,0.00,0.00,0.00,0.00,0.00,,0.19,0.00,0.00,0.00,0.00,0.00,0.00,0.00,0.00,0.00,0.00,0.00
310001,20220126,00,49,310,0.19,0.00,0.00,R,1,0.00,0.00,0.00,0.00,63503.00,59995.00,786.14,0.00,0.00,403.84,400.70,403.16,0.11,0.43,1.41,0.19,0.00,1.00,60,24.00,0.00,0.00,0.00,0.00,,0.00,2,0.00,0.00,0.00,0.00,0.00,0.00,0.00,,0.19,0.00,0.00,0.00,0.00,0.00,0.00,0.00,0.00,0.00,0.00,0.00
310001,20220126,00,58,310,0.19,0.00,0.00,R,1,0.00,0.00,0.00,0.00,63504.00,59995.00,786.06,0.00,0.00,403.60,400.60,402.65,0.10,0.39,1.36,0.19,0.00,1.00,59,23.90,0.00,0.00,0.00,0.00,,0.00,2,0.00,0.00,0.00,0.00,0.00,0.00,0.00,,0.19,0.00,0.00,0.00,0.00,0.00,0.00,0.00,0.00,0.00,0.00,0.00
310001,20220126,00,41,310,0.19,0.00,0.00,R,1,0.00,0.00,0.00,0.00,63503.00,59995.00,786.05,0.00,0.00,403.35,400.52,402.81,0.10,0.39,1.35,0.19,0.00,1.00,60,24.10,0.00,0.00,0.00,0.00,,0.00,2,0.00,0.00,0.00,0.00,0.00,0.00,0.00,,0.19,0.00,0.00,0.00,0.00,0.00,0.00,0.00,0.00,0.00,0.00,0.00
310001,20220126,00,43,310,0.20,0.00,0.00,R,1,0.00,0.00,0.00,0.00,63503.00,59995.00,786.03,0.01,0.00,403.75,400.68,402.70,0.10,0.36,1.30,0.20,0.00,1.00,59,24.10,0.00,0.00,0.00,0.00,,0.00,2,0.00,0.00,0.00,0.00,0.00,0.00,0.00,,0.20,0.00,0.00,0.00,0.00,0.00,0.00,0.00,0.00,0.00,0.00,0.00
310001,20220126,00,39,310,0.19,0.00,0.00,R,1,0.00,0.00,0.00,0.00,63503.00,59995.00,785.98,0.03,0.00,403.47,400.28,402.48,0.10,0.38,1.32,0.19,0.00,1.00,60,24.12,0.00,0.00,0.00,0.00,,0.00,2,0.00,0.00,0.00,0.00,0.00,0.00,0.00,,0.19,0.00,0.00,0.00,0.00,0.00,0.00,0.00,0.00,0.00,0.00,0.00
310001,20220126,00,48,310,0.20,0.00,0.00,R,1,0.00,0.00,0.00,0.00,63503.00,59995.00,786.08,0.01,0.00,403.72,400.55,402.66,0.10,0.38,1.34,0.20,0.00,1.00,60,24.00,0.00,0.00,0.00,0.00,,0.00,2,0.00,0.00,0.00,0.00,0.00,0.00,0.00,,0.20,0.00,0.00,0.00,0.00,0.00,0.00,0.00,0.00,0.00,0.00,0.00
310001,20220126,00,45,310,0.18,0.00,0.00,R,1,0.00,0.00,0.00,0.00,63503.00,59995.00,786.06,0.00,0.00,403.18,400.08,402.36,0.10,0.38,1.33,0.18,0.00,1.00,59,24.08,0.00,0.00,0.00,0.00,,0.00,2,0.00,0.00,0.00,0.00,0.00,0.00,0.00,,0.18,0.00,0.00,0.00,0.00,0.00,0.00,0.00,0.00,0.00,0.00,0.00
310001,20220126,00,57,310,0.20,0.00,0.00,R,1,0.00,0.00,0.00,0.00,63504.00,59995.00,786.13,0.00,0.00,403.79,400.67,402.73,0.10,0.40,1.38,0.20,0.00,1.00,59,23.90,0.00,0.00,0.00,0.00,,0.00,2,0.00,0.00,0.00,0.00,0.00,0.00,0.00,,0.20,0.00,0.00,0.00,0.00,0.00,0.00,0.00,0.00,0.00,0.00,0.00
310001,20220126,00,53,310,0.20,0.00,0.00,R,1,0.00,0.00,0.00,0.00,63503.00,59995.00,786.08,0.00,0.00,403.49,400.32,402.41,0.10,0.39,1.38,0.20,0.00,1.00,59,23.93,0.00,0.00,0.00,0.00,,0.00,2,0.00,0.00,0.00,0.00,0.00,0.00,0.00,,0.20,0.00,0.00,0.00,0.00,0.00,0.00,0.00,0.00,0.00,0.00,0.00